flux,total_charge_right,A_charge_right,B_charge_right
0.000000000000000000e+00,0.000000000000000000e+00,0.000000000000000000e+00,0.000000000000000000e+00
7.142857142857142634e-03,-3.356240270591115404e-06,-4.263256414560601115e-14,2.878330845923926518e-02
1.428571428571428527e-02,-7.072244116557158122e-06,-7.105427357601001859e-14,5.756242238147990520e-02
2.142857142857142877e-02,-1.114033207727516128e-05,-1.136868377216160297e-13,8.633692008771731707e-02
2.857142857142857054e-02,-1.555210174331023154e-05,-1.278976924368180335e-13,1.151063895828343675e-01
3.571428571428571230e-02,-2.029844660000890144e-05,-1.705302565824240446e-13,1.438704294094463876e-01
4.285714285714285754e-02,-2.536957616428026085e-05,-1.847411112976260483e-13,1.726286494779998293e-01
5.000000000000000278e-02,-3.075503749982999580e-05,-2.557953848736360669e-13,2.013806718697139786e-01
5.714285714285714107e-02,-3.644373812505818933e-05,-3.268496584496460855e-13,2.301261316116125499e-01
6.428571428571427937e-02,-4.242397073994652601e-05,-3.979039320256561041e-13,2.588646774215987989e-01
7.142857142857142461e-02,-4.868343842190370196e-05,-4.263256414560601115e-13,2.875959724220820135e-01
7.857142857142856984e-02,-5.520928161217852903e-05,-5.115907697472721338e-13,3.163196948206632442e-01
8.571428571428571508e-02,-6.198810640967167274e-05,-5.684341886080801487e-13,3.450355385565160304e-01
9.285714285714286031e-02,-6.900601293580166384e-05,-6.110667527536861598e-13,3.737432139111689366e-01
1.000000000000000056e-01,-7.624862588784253603e-05,-6.679101716144941747e-13,4.024424480826240824e-01
1.071428571428571647e-01,-8.370112509226146358e-05,-7.247535904753021896e-13,4.311329857208505700e-01
1.142857142857143099e-01,-9.134827759282870829e-05,-8.100187187665142119e-13,4.598145894262444244e-01
1.214285714285714413e-01,-9.917446978136013058e-05,-8.952838470577262342e-13,4.884870402060101924e-01
1.285714285714285865e-01,-1.071637408074366249e-04,-9.094947017729282379e-13,5.171501378924006076e-01
1.357142857142857317e-01,-1.152998162154972306e-04,-1.008970684779342264e-12,5.458037015183521135e-01
1.428571428571428770e-01,-1.235661421503664315e-04,-1.108446667785756290e-12,5.744475696521078589e-01
1.500000000000000222e-01,-1.319459203017459004e-04,-1.207922650792170316e-12,6.030816006901176252e-01
1.571428571428571674e-01,-1.404221424223806025e-04,-1.264766069652978331e-12,6.317056731070209707e-01
1.642857142857142849e-01,-1.489776262673103702e-04,-1.321609488513786346e-12,6.603196856632536083e-01
1.714285714285714302e-01,-1.575950506378376303e-04,-1.421085471520200372e-12,6.889235575704617531e-01
1.785714285714285754e-01,-1.662569911928812871e-04,-1.520561454526614398e-12,7.175172286137154742e-01
1.857142857142857206e-01,-1.749459556776855607e-04,-1.563194018672220409e-12,7.461006592311321128e-01
1.928571428571428659e-01,-1.836444202467646392e-04,-1.620037437533028424e-12,7.746738305516203127e-01
2.000000000000000111e-01,-1.923348642094424576e-04,-1.733724275254644454e-12,8.032367443898067449e-01
2.071428571428571563e-01,-2.009998057275197425e-04,-1.833200258261058480e-12,8.317894231996518783e-01
2.142857142857142738e-01,-2.096218366745006279e-04,-1.918465386552270502e-12,8.603319099867263731e-01
2.214285714285714191e-01,-2.181836575374518361e-04,-1.890043677121866494e-12,8.888642681791480982e-01
2.285714285714285643e-01,-2.266681111962043360e-04,-2.074784788419492543e-12,9.173865814589134970e-01
2.357142857142857095e-01,-2.350582174983628647e-04,-2.160049916710704565e-12,9.458989535534101378e-01
2.428571428571428548e-01,-2.433372060011151916e-04,-2.160049916710704565e-12,9.744015079877499375e-01
2.500000000000000000e-01,-2.514885488835716387e-04,-2.330580173293128610e-12,1.002894387799983633e+00
2.571428571428571175e-01,-2.594959932906704125e-04,-2.344791028008330613e-12,1.031377755217974368e+00
2.642857142857142905e-01,-2.673435921707323359e-04,-2.458477865729946643e-12,1.059851791301113622e+00
2.714285714285714080e-01,-2.750157356103954953e-04,-2.557953848736360669e-12,1.088316695546012625e+00
2.785714285714285809e-01,-2.824971802368736462e-04,-2.600586412881966680e-12,1.116772685458258252e+00
2.857142857142856984e-01,-2.897730783786300890e-04,-2.700062395888380706e-12,1.145219996091157100e+00
2.928571428571428714e-01,-2.968290062028700049e-04,-2.756905814749188721e-12,1.173658879551680911e+00
2.999999999999999889e-01,-3.036509911424900565e-04,-2.799538378894794732e-12,1.202089604476540785e+00
3.071428571428571619e-01,-3.102255375040385843e-04,-2.870592652470804751e-12,1.230512455477736466e+00
3.142857142857142794e-01,-3.165396526583208470e-04,-2.955857780762016773e-12,1.258927732559726564e+00
3.214285714285714524e-01,-3.225808701756704977e-04,-2.984279490192420781e-12,1.287335750509299714e+00
3.285714285714285698e-01,-3.283372738991374717e-04,-3.026912054338026792e-12,1.315736838259894625e+00
3.357142857142856873e-01,-3.337975191470832215e-04,-3.154809746774844825e-12,1.344131338230340589e+00
3.428571428571428603e-01,-3.389508542142039005e-04,-3.112177182629238814e-12,1.372519605640533769e+00
3.499999999999999778e-01,-3.437871397409253404e-04,-3.240074875066056848e-12,1.400902007805825633e+00
3.571428571428571508e-01,-3.482968671590924714e-04,-3.225864020350854844e-12,1.429278923409086133e+00
3.642857142857142683e-01,-3.524711764413268611e-04,-3.282707439211662859e-12,1.457650741754818569e+00
3.714285714285714413e-01,-3.563018715624366450e-04,-3.296918293926864862e-12,1.486017862004246126e+00
3.785714285714285587e-01,-3.597814359324047473e-04,-3.339550858072470874e-12,1.514380692394453831e+00
3.857142857142857317e-01,-3.629030456835380392e-04,-3.367972567502874881e-12,1.542739649442026462e+00
3.928571428571428492e-01,-3.656605817781155565e-04,-3.453237695794086903e-12,1.571095157132546660e+00
4.000000000000000222e-01,-3.680486415760242380e-04,-3.467448550509288907e-12,1.599447646098496989e+00
4.071428571428571397e-01,-3.700625477449648315e-04,-3.410605131648480892e-12,1.627797552784528534e+00
4.142857142857143127e-01,-3.716983574264531853e-04,-3.510081114654894918e-12,1.656145318605425132e+00
4.214285714285714302e-01,-3.729528686022831607e-04,-3.481659405224490911e-12,1.684491389093622615e+00
4.285714285714285476e-01,-3.738236263330918518e-04,-3.481659405224490911e-12,1.712836213041455835e+00
4.357142857142857206e-01,-3.743089268937183078e-04,-3.495870259939692914e-12,1.741180241637067638e+00
4.428571428571428381e-01,-3.744078209422241343e-04,-3.495870259939692914e-12,1.769523927597333568e+00
4.500000000000000111e-01,-3.741201147420269990e-04,-3.495870259939692914e-12,1.797867724297418590e+00
4.571428571428571286e-01,-3.734463713556124276e-04,-3.524291969370096922e-12,1.826212084899481169e+00
4.642857142857143016e-01,-3.723879090244963663e-04,-3.481659405224490911e-12,1.854557461482372105e+00
4.714285714285714191e-01,-3.709467986965364616e-04,-3.424815986363682896e-12,1.882904304172271281e+00
4.785714285714285920e-01,-3.691258609705982963e-04,-3.467448550509288907e-12,1.911253060276692395e+00
4.857142857142857095e-01,-3.669286603553700843e-04,-3.439026841078884900e-12,1.939604173423617794e+00
4.928571428571428825e-01,-3.643594995565990757e-04,-3.453237695794086903e-12,1.967958082706118716e+00
5.000000000000000000e-01,-3.614234112916392405e-04,-3.453237695794086903e-12,1.996315221834763065e+00
5.071428571428571175e-01,-3.581261494645104904e-04,-3.453237695794086903e-12,2.024676018298734448e+00
5.142857142857142350e-01,-3.544741787919747367e-04,-3.367972567502874881e-12,2.053040892537509876e+00
5.214285714285714635e-01,-3.504746630653698958e-04,-3.353761712787672877e-12,2.081410257123764040e+00
5.285714285714285809e-01,-3.461354526734794490e-04,-3.325340003357268870e-12,2.109784515960143381e+00
5.357142857142856984e-01,-3.414650697948218294e-04,-3.240074875066056848e-12,2.138164063489966793e+00
5.428571428571428159e-01,-3.364726933341444237e-04,-3.183231456205248833e-12,2.166549283923899338e+00
5.500000000000000444e-01,-3.311681421678258630e-04,-3.126388037344440818e-12,2.194940550484432151e+00
5.571428571428571619e-01,-3.255618571813556628e-04,-3.069544618483632803e-12,2.223338224668481189e+00
5.642857142857142794e-01,-3.196648823404757422e-04,-3.041122909053228796e-12,2.251742655530222237e+00
5.714285714285713969e-01,-3.134888440854410874e-04,-2.984279490192420781e-12,2.280154178985526414e+00
5.785714285714286254e-01,-3.070459300857919516e-04,-2.913225216616410762e-12,2.308573117138891462e+00
5.857142857142857428e-01,-3.003488668866793887e-04,-2.899014361901208758e-12,2.336999777634531483e+00
5.928571428571428603e-01,-2.934108958783099297e-04,-2.771116669464390725e-12,2.365434453032932538e+00
5.999999999999999778e-01,-2.862457488532754724e-04,-2.771116669464390725e-12,2.393877420214082008e+00
6.071428571428570953e-01,-2.788676221570085545e-04,-2.685851541173178703e-12,2.422328939808082282e+00
6.142857142857143238e-01,-2.712911501419057458e-04,-2.643218977027572691e-12,2.450789255655678289e+00
6.214285714285714413e-01,-2.635313772998415516e-04,-2.529532139305956662e-12,2.479258594298727303e+00
6.285714285714285587e-01,-2.556037297694047083e-04,-2.458477865729946643e-12,2.507737164501648408e+00
6.357142857142856762e-01,-2.475239858625855049e-04,-2.401634446869138628e-12,2.536225156807049075e+00
6.428571428571429047e-01,-2.393082458667095125e-04,-2.287947609147522599e-12,2.564722743122942461e+00
6.500000000000000222e-01,-2.309729009652983223e-04,-2.245315045001916587e-12,2.593230076346571877e+00
6.571428571428571397e-01,-2.225346014910201120e-04,-2.202682480856310576e-12,2.621747290022724997e+00
6.642857142857142572e-01,-2.140102246244168782e-04,-2.160049916710704565e-12,2.650274498039777882e+00
6.714285714285713746e-01,-2.054168408704981630e-04,-2.003730514843482524e-12,2.678811794362204068e+00
6.785714285714286031e-01,-1.967716814021969185e-04,-1.904254531837068498e-12,2.707359252802774563e+00
6.857142857142857206e-01,-1.880921028174498133e-04,-1.804778548830654472e-12,2.735916926832615559e+00
6.928571428571428381e-01,-1.793955539426406176e-04,-1.762145984685048461e-12,2.764484849432392366e+00
6.999999999999999556e-01,-1.706995397370292267e-04,-1.662670001678634435e-12,2.793063032983312155e+00
7.071428571428571841e-01,-1.620215869877483783e-04,-1.591615728102624416e-12,2.821651469199167650e+00
7.142857142857143016e-01,-1.533792084842389158e-04,-1.534772309241816401e-12,2.850250129100373897e+00
7.214285714285714191e-01,-1.447898677895409492e-04,-1.421085471520200372e-12,2.878858963029756524e+00
7.285714285714285365e-01,-1.362709431873554422e-04,-1.392663762089796364e-12,2.907477900710517815e+00
7.357142857142857650e-01,-1.278396926522873400e-04,-1.278976924368180335e-12,2.936106851347147995e+00
7.428571428571428825e-01,-1.195132178111180110e-04,-1.193711796076968312e-12,2.964745703768073781e+00
7.500000000000000000e-01,-1.113084286572529891e-04,-1.122657522500958294e-12,2.993394326612147438e+00
7.571428571428571175e-01,-1.032420085351759553e-04,-1.037392394209746271e-12,3.022052568556759411e+00
7.642857142857142350e-01,-9.533037906805930106e-05,-9.805489753489382565e-13,3.050720258588924594e+00
7.714285714285714635e-01,-8.758966592381511873e-05,-8.810729923425242305e-13,3.079397206318475355e+00
7.785714285714285809e-01,-8.003566439640508179e-05,-8.100187187665142119e-13,3.108083202333162376e+00
7.857142857142856984e-01,-7.268380630875981296e-05,-7.389644451905041933e-13,3.136778018594611694e+00
7.928571428571428159e-01,-6.554912698675252614e-05,-7.105427357601001859e-13,3.165481408875621128e+00
8.000000000000000444e-01,-5.864623328477591713e-05,-5.826450433232821524e-13,3.194193109237161821e+00
8.071428571428571619e-01,-5.198927195237956767e-05,-5.400124791776761413e-13,3.222912838544999659e+00
8.142857142857142794e-01,-4.559189957831222273e-05,-5.115907697472721338e-13,3.251640299024131764e+00
8.214285714285713969e-01,-3.946725254877492262e-05,-4.263256414560601115e-13,3.280375176851180186e+00
8.285714285714286254e-01,-3.362791906624806870e-05,-3.979039320256561041e-13,3.309117142782383780e+00
8.357142857142857428e-01,-2.808591122516190808e-05,-2.557953848736360669e-13,3.337865852817088808e+00
8.428571428571428603e-01,-2.285263933288206317e-05,-2.415845301584340632e-13,3.366620948894691878e+00
8.499999999999999778e-01,-1.793888625911677082e-05,-2.273736754432320595e-13,3.395382059623926807e+00
8.571428571428570953e-01,-1.335478422959113232e-05,-7.105427357601001859e-14,3.424148801042449008e+00
8.642857142857143238e-01,-9.109792401318372868e-06,-1.421085471520200372e-14,3.452920777406106367e+00
8.714285714285714413e-01,-5.212675631582897040e-06,0.000000000000000000e+00,3.481697582005011782e+00
8.785714285714285587e-01,-1.671485591714372276e-06,1.421085471520200372e-13,3.510478798005777890e+00
8.857142857142856762e-01,1.506457721234255587e-06,2.273736754432320595e-13,3.539263999316773379e+00
8.928571428571429047e-01,4.314581715902932046e-06,2.415845301584340632e-13,3.568052751475519813e+00
9.000000000000000222e-01,6.747075971702543029e-06,4.405364961712621152e-13,3.596844612555898379e+00
9.071428571428571397e-01,8.798905767548603762e-06,5.542233338928781450e-13,3.625639134092480731e+00
9.142857142857142572e-01,1.046582242736349144e-05,7.531752999057061970e-13,3.654435862020861236e+00
9.214285714285713746e-01,1.174437359452440433e-05,9.237055564881302416e-13,3.683234337630821642e+00
9.285714285714286031e-01,1.263191035150157404e-05,1.250555214937776327e-12,3.712034098531120208e+00
9.357142857142857206e-01,1.312659374264057988e-05,1.634248292248230428e-12,3.740834679622039971e+00
9.428571428571428381e-01,1.322739859688226716e-05,2.131628207280300558e-12,3.769635614075554031e+00
9.499999999999999556e-01,1.293411555991497153e-05,2.600586412881966680e-12,3.798436434318759325e+00
9.571428571428571841e-01,1.224735201788007544e-05,3.424815986363682896e-12,3.827236673019271507e+00
9.642857142857143016e-01,1.116853032101516874e-05,4.391154106997419149e-12,3.856035864070221919e+00
9.714285714285714191e-01,9.699884955693960364e-06,5.641709321935195476e-12,3.884833543572611347e+00
9.785714285714285365e-01,7.844457144301486551e-06,7.219114195322617888e-12,3.913629250811226257e+00
9.857142857142857650e-01,5.606088123499830544e-06,9.194423000735696405e-12,3.942422529224373307e+00
9.928571428571428825e-01,2.989410461395891616e-06,1.170974428532645106e-11,3.971212927363040990e+00
1.000000000000000000e+00,-1.622169065740308724e-10,1.502087343396851793e-11,3.999999999837783093e+00
