flux,total_charge_right,A_charge_right,B_charge_right;T=100.0
0.000000000000000000e+00,0.000000000000000000e+00,0.000000000000000000e+00,0.000000000000000000e+00
1.388888888888888942e-03,-9.226685993013461484e-08,-7.238654120556020644e-13,8.449126887288826993e-05
2.777777777777777884e-03,-5.542862000496029395e-07,-3.749001109554228606e-12,5.220875119933410247e-04
4.166666666666666609e-03,-1.767530968699304594e-06,-9.893419417039694963e-12,1.713625156132714267e-03
5.555555555555555768e-03,-4.151283502729086194e-06,-1.846078845346710295e-11,4.111458314915772405e-03
6.944444444444444926e-03,-8.196786683178913790e-06,-2.716138425284952973e-11,8.160691186833268773e-03
8.333333333333333218e-03,-1.450472451303141952e-05,-3.200106846179551212e-11,1.419559513166035458e-02
9.722222222222222376e-03,-2.381994267786069486e-05,-2.710009994189022109e-11,2.233589452443496270e-02
1.111111111111111154e-02,-3.705133100861957018e-05,-4.551914400963141816e-12,3.243046981956698716e-02
1.250000000000000069e-02,-5.525771021996916943e-05,4.571010236986694508e-11,4.407399918185372911e-02
1.388888888888888985e-02,-7.957914957934519862e-05,1.358841927867615595e-10,5.668814650229769825e-02
1.527777777777777901e-02,-1.111036167342760450e-04,2.800115694867599814e-10,6.963191314801786547e-02
1.666666666666666644e-02,-1.506809382894047644e-04,4.933200514756208577e-10,8.229932808052975446e-02
1.805555555555555733e-02,-1.987205117162105239e-04,7.910516686138180376e-10,9.417780191009672563e-02
1.944444444444444475e-02,-2.550218898749179175e-04,1.188259268758429243e-09,1.048660606302727061e-01
2.083333333333333565e-02,-3.186780037056635706e-04,1.703249985496313457e-09,1.140707572555301752e-01
2.222222222222222307e-02,-3.880613198239402095e-04,2.371623786245891097e-09,1.216048424142277540e-01
2.361111111111111049e-02,-4.608692843381945181e-04,3.280471894129277644e-09,1.273988098550828951e-01
2.500000000000000139e-02,-5.341887525593946862e-04,4.634121530955326307e-09,1.315181387024599857e-01
2.638888888888888881e-02,-6.045542947008542001e-04,6.854668832545485202e-09,1.341694349547557508e-01
2.777777777777777971e-02,-6.680184090326335422e-04,1.070082067400335291e-08,1.356810425558085953e-01
2.916666666666666713e-02,-7.202990750165838563e-04,1.735328680751990760e-08,1.364584226438019243e-01
3.055555555555555802e-02,-7.570891703672089079e-04,2.837078483253208105e-08,1.369299933164356275e-01
3.194444444444444892e-02,-7.745799557543620040e-04,4.538992826041976514e-08,1.375046092796932129e-01
3.333333333333333287e-02,-7.701690462473820276e-04,6.945030062155410633e-08,1.385535014204100079e-01
3.472222222222222376e-02,-7.432223043544183838e-04,9.990465166254125506e-08,1.404127458185993049e-01
3.611111111111111466e-02,-6.956851857129464634e-04,1.330430787760406020e-07,1.433883890947420525e-01
3.749999999999999861e-02,-6.323322219268234790e-04,1.608060467006566796e-07,1.477447608571109683e-01
3.888888888888888951e-02,-5.605163967521420432e-04,1.702326253294472735e-07,1.536688086721538227e-01
4.027777777777778040e-02,-4.894109035298299659e-04,1.444951180928910617e-07,1.612219069344611455e-01
4.166666666666667129e-02,-4.288761357544856878e-04,6.637386018581992175e-08,1.703035302881792390e-01
4.305555555555555525e-02,-3.881829224203769968e-04,-7.532098056373115469e-08,1.806496756665021408e-01
4.444444444444444614e-02,-3.748465133295297846e-04,-2.766900042416864380e-07,1.918730624008126995e-01
4.583333333333333703e-02,-3.937742549293687944e-04,-5.086708760870806145e-07,2.035310097551583652e-01
4.722222222222222099e-02,-4.468315709313941397e-04,-7.092007230369290482e-07,2.151930321513297883e-01
4.861111111111111188e-02,-5.328264671158322585e-04,-7.823384740035521645e-07,2.264819517242360192e-01
5.000000000000000278e-02,-6.478358025647779073e-04,-6.095918569926084274e-07,2.370787600935324591e-01
5.138888888888889367e-02,-7.857606698280505952e-04,-7.731304840774555487e-08,2.467029099987065877e-01
5.277777777777777762e-02,-9.389968790198821580e-04,8.800058886038186756e-07,2.550936387379820758e-01
5.416666666666666852e-02,-1.099122889348436161e-03,2.227347568606319328e-06,2.620163320926387485e-01
5.555555555555555941e-02,-1.257527141051539843e-03,3.782399280893855575e-06,2.673019626564840934e-01
5.694444444444444337e-02,-1.405915414241398764e-03,5.195416414416342832e-06,2.709065977414271131e-01
5.833333333333333426e-02,-1.536661801215366552e-03,5.977697592918218561e-06,2.729637181637167842e-01
5.972222222222222515e-02,-1.643001146288014525e-03,5.592920553354474578e-06,2.738021852543592871e-01
6.111111111111111605e-02,-1.719106513938584158e-03,3.608154516498984776e-06,2.739164878115776247e-01
6.250000000000000000e-02,-1.760141511836010864e-03,-1.228445363210539654e-07,2.738955478700138002e-01
6.388888888888889783e-02,-1.762405135395717082e-03,-5.295156261020395050e-06,2.743317917365333258e-01
6.527777777777778179e-02,-1.723677345782270720e-03,-1.107129597510692065e-05,2.757367607540599508e-01
6.666666666666666574e-02,-1.643817440657002749e-03,-1.614046841424965351e-05,2.784830464949799023e-01
6.805555555555556357e-02,-1.525570663292619145e-03,-1.894542432356871586e-05,2.827799943144038153e-01
6.944444444444444753e-02,-1.375424036725192423e-03,-1.805386465036917798e-05,2.886791604895151409e-01
7.083333333333333148e-02,-1.204254225697809488e-03,-1.259575220480257940e-05,2.960992421237875760e-01
7.222222222222222932e-02,-1.027464931923738334e-03,-2.646325779842584325e-06,3.048594058377807059e-01
7.361111111111111327e-02,-8.643468886164740184e-04,1.057436539131373365e-05,3.147121471902076806e-01
7.499999999999999722e-02,-7.365186185008809616e-04,2.478126761751298091e-05,3.253694952059795753e-01
7.638888888888889506e-02,-6.655031836952929325e-04,3.700840829701235180e-05,3.365188723509628943e-01
7.777777777777777901e-02,-6.697215568678416275e-04,4.423310975809613410e-05,3.478281991818636953e-01
7.916666666666666297e-02,-7.613768698053746675e-04,4.409734720134395047e-05,3.589445944596185711e-01
8.055555555555556080e-02,-9.438067795803917193e-04,3.554203310418557749e-05,3.694959342623596044e-01
8.194444444444444475e-02,-1.209856368737938226e-03,1.918215341323303846e-05,3.791063385017041654e-01
8.333333333333334259e-02,-1.541670503517167390e-03,-2.685991452366920385e-06,3.874323842895499581e-01
8.472222222222222654e-02,-1.912059357383810720e-03,-2.645929301081650920e-05,3.942166449187407551e-01
8.611111111111111049e-02,-2.287315052056371201e-03,-4.790109991859026195e-05,3.993434193750786676e-01
8.750000000000000833e-02,-2.631113722365796548e-03,-6.295998435135174986e-05,4.028750652517203434e-01
8.888888888888889228e-02,-2.908968898759134447e-03,-6.855450957754527508e-05,4.050513248847815717e-01
9.027777777777777624e-02,-3.092623750794665227e-03,-6.316395603089830502e-05,4.062481225366516568e-01
9.166666666666667407e-02,-3.163774648607287077e-03,-4.711806823998188065e-05,4.069099333080945513e-01
9.305555555555555802e-02,-3.116594146159279433e-03,-2.254685244285070667e-05,4.074813650471087456e-01
9.444444444444444198e-02,-2.958662345449170061e-03,6.983210106170645304e-06,4.083620217407535335e-01
9.583333333333333981e-02,-2.710122543509996262e-03,3.706857484253589519e-05,4.098942204634443698e-01
9.722222222222222376e-02,-2.401142637041608907e-03,6.319214968275588262e-05,4.123736624817189167e-01
9.861111111111112160e-02,-2.068054115060391496e-03,8.144446499791513361e-05,4.160601324591688410e-01
1.000000000000000056e-01,-1.748789951526497077e-03,8.912015791207039683e-05,4.211668179914029864e-01
1.013888888888888895e-01,-1.478371586790316883e-03,8.509174377024919522e-05,4.278224931424414734e-01
1.027777777777777873e-01,-1.285146429898631482e-03,6.990662575923067834e-05,4.360214478375716851e-01
1.041666666666666713e-01,-1.188253393290317206e-03,4.561084570209317235e-05,4.455889762814200239e-01
1.055555555555555552e-01,-1.196469560201585125e-03,1.536078152408748565e-05,4.561868788984400069e-01
1.069444444444444531e-01,-1.308287688335241228e-03,-1.707590534039127306e-05,4.673647965864908826e-01
1.083333333333333370e-01,-1.512904117013214034e-03,-4.782092292021644653e-05,4.786396989614383202e-01
1.097222222222222210e-01,-1.791804027255317067e-03,-7.330606363797897984e-05,4.895713142845563581e-01
1.111111111111111188e-01,-2.120765161906845719e-03,-9.058321946397995816e-05,4.998046348450628784e-01
1.125000000000000028e-01,-2.472241371132888332e-03,-9.754281707774481447e-05,5.090702719307591551e-01
1.138888888888888867e-01,-2.818111706226922308e-03,-9.308391719375919138e-05,5.171579354074937740e-01
1.152777777777777846e-01,-3.132642013075503939e-03,-7.726511758665566276e-05,5.238930763668152579e-01
1.166666666666666685e-01,-3.395270111188786188e-03,-5.142107536304507676e-05,5.291427700032320658e-01
1.180555555555555663e-01,-3.592645048835940713e-03,-1.818132218023293944e-05,5.328564031297782222e-01
1.194444444444444503e-01,-3.719380500584179572e-03,1.869188168690527618e-05,5.351218755481017553e-01
1.208333333333333343e-01,-3.777282625245348413e-03,5.470121096351476808e-05,5.362038461980613846e-01
1.222222222222222321e-01,-3.773296335479514596e-03,8.522876183114647120e-05,5.365358689624581956e-01
1.236111111111111160e-01,-3.716872889687472536e-03,1.062601910399862959e-04,5.366603338542494939e-01
1.250000000000000000e-01,-3.617667901200327663e-03,1.150493398318630511e-04,5.371362635823606624e-01
1.263888888888888840e-01,-3.484307950187393033e-03,1.105519903221718891e-04,5.384501580001108678e-01
1.277777777777777957e-01,-3.324473475732503402e-03,9.352198252088328445e-05,5.409608163308607942e-01
1.291666666666666796e-01,-3.145958786812563801e-03,6.626946101473407680e-05,5.448885764587716452e-01
1.305555555555555636e-01,-2.957967426867824656e-03,3.218380489755645613e-05,5.503353663023204945e-01
1.319444444444444475e-01,-2.771874267517127066e-03,-4.821561486956227327e-06,5.573087178589686275e-01
1.333333333333333315e-01,-2.601032344509590644e-03,-4.079960209324440257e-05,5.657277498519626135e-01
1.347222222222222154e-01,-2.459724056846468443e-03,-7.212251408184044976e-05,5.754080241591292832e-01
1.361111111111111271e-01,-2.361763823540918850e-03,-9.570971892980395523e-05,5.860424378686301949e-01
1.375000000000000111e-01,-2.319331992342021920e-03,-1.091989890751321468e-04,5.972036240791505080e-01
1.388888888888888951e-01,-2.342330621424082437e-03,-1.111264850255366810e-04,6.083840983897044197e-01
1.402777777777777790e-01,-2.438086553377516452e-03,-1.011275930746791119e-04,6.190691752440677931e-01
1.416666666666666630e-01,-2.610883641914085729e-03,-8.010015154269467530e-05,6.288177291098815402e-01
1.430555555555555747e-01,-2.860824661352623366e-03,-5.022998920622967489e-05,6.373198146838738865e-01
1.444444444444444586e-01,-3.181943823832966700e-03,-1.479541802318351529e-05,6.444120837948812408e-01
1.458333333333333426e-01,-3.560114454345786328e-03,2.226017877493546848e-05,6.500547873556081768e-01
1.472222222222222265e-01,-3.971781912634142486e-03,5.690465138030731396e-05,6.542940251244537819e-01
1.486111111111111105e-01,-4.384594895553206584e-03,8.559227164717242431e-05,6.572376408715072671e-01
1.499999999999999944e-01,-4.760510019156782846e-03,1.056839389743657875e-04,6.590598947100652083e-01
1.513888888888889062e-01,-5.061077738685249017e-03,1.156223503437914246e-04,6.600270729098705047e-01
1.527777777777777901e-01,-5.253751515864379940e-03,1.148734164075904118e-04,6.605179429347955988e-01
1.541666666666666741e-01,-5.317584349153747780e-03,1.037346714856113294e-04,6.610111386076891193e-01
1.555555555555555580e-01,-5.246804127986059996e-03,8.314598254788307941e-05,6.620279238872912586e-01
1.569444444444444420e-01,-5.051435057811026752e-03,5.460284787250913041e-05,6.640439448649955168e-01
1.583333333333333259e-01,-4.755061124468440426e-03,2.018859243513304591e-05,6.674026101999466221e-01
1.597222222222222376e-01,-4.390624664018183410e-03,-1.734685606979979866e-05,6.722641737866181799e-01
1.611111111111111216e-01,-3.995528620836630296e-03,-5.458248953704725182e-05,6.786073502924461209e-01
1.625000000000000056e-01,-3.607192485715060570e-03,-8.760277610342370735e-05,6.862743353409523905e-01
1.638888888888888895e-01,-3.259748771746728835e-03,-1.123943292515861003e-04,6.950304368853359449e-01
1.652777777777777735e-01,-2.982025785980724208e-03,-1.254143528921503048e-04,7.046072240137011278e-01
1.666666666666666852e-01,-2.796578062767451911e-03,-1.242144303361669699e-04,7.147137544704111889e-01
1.680555555555555691e-01,-2.719391753749356155e-03,-1.079789057909508188e-04,7.250239776436222527e-01
1.694444444444444531e-01,-2.759946233799936977e-03,-7.785677679095215353e-05,7.351652988975025949e-01
1.708333333333333370e-01,-2.921413362920510792e-03,-3.701069117756361493e-05,7.447333496773227424e-01
1.722222222222222210e-01,-3.200813389386603092e-03,9.646509119498603013e-06,7.533414462434437908e-01
1.736111111111111049e-01,-3.588921561246571912e-03,5.601966923851620095e-05,7.606903543875640494e-01
1.750000000000000167e-01,-4.069734195199181670e-03,9.566202406308121908e-05,7.666288683271060833e-01
1.763888888888889006e-01,-4.619476657630627869e-03,1.227837298412026712e-04,7.711776439884410195e-01
1.777777777777777846e-01,-5.205497718952400987e-03,1.332936941818019250e-04,7.745066795695301209e-01
1.791666666666666685e-01,-5.785824197218403242e-03,1.256686241504212376e-04,7.768802108991987865e-01
1.805555555555555525e-01,-6.310408539459189114e-03,1.014139507855560396e-04,7.785978546061098626e-01
1.819444444444444642e-01,-6.724952394663752386e-03,6.492255051337991745e-05,7.799589420386796590e-01
1.833333333333333481e-01,-6.977538376390590713e-03,2.266629964697841615e-05,7.812596406186473885e-01
1.847222222222222321e-01,-7.027292602353796269e-03,-1.815054876175281606e-05,7.828102619549390795e-01
1.861111111111111160e-01,-6.853289789538585808e-03,-5.115252700793604390e-05,7.849464192491089065e-01
1.875000000000000000e-01,-6.461338042911712876e-03,-7.213257171390097255e-05,7.880105753759520937e-01
1.888888888888888840e-01,-5.886464607734787080e-03,-7.976781051066694772e-05,7.922983432855223995e-01
1.902777777777777957e-01,-5.189910567874989056e-03,-7.549907048343129645e-05,7.979863192912670655e-01
1.916666666666666796e-01,-4.450944728078276569e-03,-6.264902760211299437e-05,8.050723745754817529e-01
1.930555555555555636e-01,-3.755300127436633773e-03,-4.512923149047054494e-05,8.133571894951119319e-01
1.944444444444444475e-01,-3.182964688518197249e-03,-2.623321555894619905e-05,8.224785850128579767e-01
1.958333333333333315e-01,-2.798065682397599119e-03,-7.961105713327754074e-06,8.319872472319920220e-01
1.972222222222222432e-01,-2.642680316684575814e-03,8.917569338962039183e-06,8.414357286828888505e-01
1.986111111111111271e-01,-2.734954980171622196e-03,2.418633540735015686e-05,8.504500759429358681e-01
2.000000000000000111e-01,-3.070516847331283827e-03,3.729282931086430608e-05,8.587650255365621987e-01
2.013888888888888951e-01,-3.625379106149573261e-03,4.675442818413699797e-05,8.662221532041973759e-01
2.027777777777777790e-01,-4.358669351471000653e-03,5.023600971032493590e-05,8.727457742669626484e-01
2.041666666666666630e-01,-5.214440930463304369e-03,4.536532401555604110e-05,8.783168061327240039e-01
2.055555555555555747e-01,-6.123088272992127656e-03,3.098793606159944147e-05,8.829594084788547903e-01
2.069444444444444586e-01,-7.003848361480713436e-03,8.310337347161578236e-06,8.867438125496667212e-01
2.083333333333333426e-01,-7.770020187589210536e-03,-1.864331153988985079e-05,8.897982362069267737e-01
2.097222222222222265e-01,-8.337717475324524230e-03,-4.360453139540254597e-05,8.923181088731286792e-01
2.111111111111111105e-01,-8.637474844715775646e-03,-5.960919241676521096e-05,8.945628268910601477e-01
2.124999999999999944e-01,-8.626475285566037599e-03,-6.106219116208677633e-05,8.968362237172575746e-01
2.138888888888889062e-01,-8.298249590053430325e-03,-4.561705261707516001e-05,8.994531065257032054e-01
2.152777777777777901e-01,-7.686875619708821716e-03,-1.519413730743934821e-05,9.026981720243183460e-01
2.166666666666666741e-01,-6.863993623333897176e-03,2.425307108744334528e-05,9.067851472415533465e-01
2.180555555555555580e-01,-5.928908441940272667e-03,6.417927403656875640e-05,9.118241243074960423e-01
2.194444444444444420e-01,-4.993948359636846135e-03,9.563832652936810064e-05,9.178044213083094149e-01
2.208333333333333537e-01,-4.168401187643944183e-03,1.115303786898280691e-04,9.245983801466737262e-01
2.222222222222222376e-01,-3.544379016664933602e-03,1.082339188016590015e-04,9.319872970931495360e-01
2.236111111111111216e-01,-3.186966254209444571e-03,8.620553636884409343e-05,9.397042470418108806e-01
2.250000000000000056e-01,-3.129471579342180121e-03,4.950206698595138732e-05,9.474820899319347234e-01
2.263888888888888895e-01,-3.373182702946841971e-03,4.520136395846918731e-06,9.550920609402089312e-01
2.277777777777777735e-01,-3.890226243473016154e-03,-4.156374012875829749e-05,9.623618629312202799e-01
2.291666666666666852e-01,-4.628128684670329562e-03,-8.217965994994358425e-05,9.691717090697551384e-01
2.305555555555555691e-01,-5.515242450781165928e-03,-1.122752443238894671e-04,9.754379840796447709e-01
2.319444444444444531e-01,-6.466895835758101896e-03,-1.286841784429171298e-04,9.811007482032652049e-01
2.333333333333333370e-01,-7.392512625250091673e-03,-1.300809029860516830e-04,9.861285279956408800e-01
2.347222222222222210e-01,-8.203820264773398208e-03,-1.167365796828079283e-04,9.905420727043292572e-01
2.361111111111111327e-01,-8.823725048361374945e-03,-9.026029288161652175e-05,9.944440221249832845e-01
2.375000000000000167e-01,-9.194803612103896739e-03,-5.340440284307135244e-05,9.980325307674817736e-01
2.388888888888889006e-01,-9.286001863121562394e-03,-9.901736588879828105e-06,1.001580336788960857e+00
2.402777777777777846e-01,-9.096253211740901179e-03,3.575852441706217633e-05,1.005376457296195625e+00
2.416666666666666685e-01,-8.654293937369494927e-03,7.869806680194102455e-05,1.009648147047022881e+00
2.430555555555555525e-01,-8.014733195145673506e-03,1.141745169759289524e-04,1.014494721432439128e+00
2.444444444444444642e-01,-7.251136834979021728e-03,1.381960194262177311e-04,1.019863560166831107e+00
2.458333333333333481e-01,-6.447302120508702217e-03,1.480983144928060824e-04,1.025581175306363058e+00
2.472222222222222321e-01,-5.687989947465332818e-03,1.429462018736060713e-04,1.031426780342866500e+00
2.486111111111111160e-01,-5.050233634622536272e-03,1.236577148473472221e-04,1.037215499713179945e+00
2.500000000000000000e-01,-4.596093931088063300e-03,9.281606157429678206e-05,1.042854239862430532e+00
2.513888888888888840e-01,-4.367466804577446737e-03,5.420834268043961401e-05,1.048347888482927814e+00
2.527777777777777679e-01,-4.383284369312789863e-03,1.219171650213013436e-05,1.053759302654752261e+00
2.541666666666666519e-01,-4.639152747358821216e-03,-2.897544787572314817e-05,1.059149669868363119e+00
2.555555555555555913e-01,-5.109149029644655116e-03,-6.569465241135219458e-05,1.064533877793923722e+00
2.569444444444444753e-01,-5.749229431183167094e-03,-9.536706150825580153e-05,1.069874483154990230e+00
2.583333333333333592e-01,-6.501599013601477850e-03,-1.164597217471197155e-04,1.075114352282264818e+00
2.597222222222222432e-01,-7.299530244563534609e-03,-1.283273407812757227e-04,1.080225558080500470e+00
2.611111111111111271e-01,-8.072435589133952760e-03,-1.308970687796673360e-04,1.085243333646300989e+00
2.625000000000000111e-01,-8.751304993012354316e-03,-1.243687603409426856e-04,1.090263431343583278e+00
2.638888888888888951e-01,-9.274675485231753669e-03,-1.090702285075906275e-04,1.095403148944056326e+00
2.652777777777777790e-01,-9.594977465859244603e-03,-8.553185296911181013e-05,1.100747575809101875e+00
2.666666666666666630e-01,-9.684497230689537162e-03,-5.473274361822433320e-05,1.106310901413983139e+00
2.680555555555555469e-01,-9.539630226361950349e-03,-1.837052922226689589e-05,1.112033345664846351e+00
2.694444444444444309e-01,-9.181975360785799012e-03,2.102898331557412348e-05,1.117813233782422699e+00
2.708333333333333703e-01,-8.655386624903727011e-03,6.028953925962809990e-05,1.123553613005887186e+00
2.722222222222222543e-01,-8.019264459417030366e-03,9.604409863328555730e-05,1.129195550305949425e+00
2.736111111111111382e-01,-7.339684214100472559e-03,1.253214372756161765e-04,1.134720007218263049e+00
2.750000000000000222e-01,-6.680793663057293941e-03,1.460161272950344369e-04,1.140120853037919879e+00
2.763888888888889062e-01,-6.098776655620419263e-03,1.570277042786116795e-04,1.145370450593815370e+00
2.777777777777777901e-01,-5.639515452053878164e-03,1.580041382345243051e-04,1.150404644128058429e+00
2.791666666666666741e-01,-5.339353704982841009e-03,1.488316875661865879e-04,1.155142277587888344e+00
2.805555555555555580e-01,-5.226875710420131327e-03,1.291752175553995130e-04,1.159532319293095526e+00
2.819444444444444420e-01,-5.323148683903156098e-03,9.839610109629859380e-05,1.163602507398049823e+00
2.833333333333333259e-01,-5.638753968595366928e-03,5.602430257667379010e-05,1.167479089250965885e+00
2.847222222222222099e-01,-6.167834856101173102e-03,2.688004181017333849e-06,1.171361145913325963e+00
2.861111111111111494e-01,-6.881439879184547692e-03,-5.887093920353692056e-05,1.175457823307257677e+00
2.875000000000000333e-01,-7.723617883543809626e-03,-1.232064593992276968e-04,1.179918416269179815e+00
2.888888888888889173e-01,-8.613353360173547912e-03,-1.824288188974065861e-04,1.184790867872209219e+00
2.902777777777778012e-01,-9.453551575695939846e-03,-2.274455076562986733e-04,1.190029872231121999e+00
2.916666666666666852e-01,-1.014565209032269877e-02,-2.499163421330052870e-04,1.195548812364203073e+00
2.930555555555555691e-01,-1.060621157268659687e-02,-2.443327198973221925e-04,1.201285090172565795e+00
2.944444444444444531e-01,-1.078094555146336120e-02,-2.095280533520593735e-04,1.207240060649905189e+00
2.958333333333333370e-01,-1.065262118107934697e-02,-1.491018674331101579e-04,1.213468036699553387e+00
2.972222222222222210e-01,-1.024141754909102531e-02,-7.062828066928261705e-05,1.220017034030938419e+00
2.986111111111111049e-01,-9.598900611415217554e-03,1.604200000215882937e-05,1.226851984883728264e+00
2.999999999999999889e-01,-8.798491860306789647e-03,1.007754388178128124e-04,1.233803717323957549e+00
3.013888888888888729e-01,-7.925578527157028930e-03,1.747954644528704193e-04,1.240576838982759611e+00
3.027777777777778123e-01,-7.069293110934182778e-03,2.315487506390212502e-04,1.246821607532691445e+00
3.041666666666666963e-01,-6.316221823269962954e-03,2.667625468442125225e-04,1.252243216937121595e+00
3.055555555555555802e-01,-5.744890418180048641e-03,2.780132496233989059e-04,1.256702823041422334e+00
3.069444444444444642e-01,-5.419571958854341176e-03,2.642899429750045215e-04,1.260267585686848157e+00
3.083333333333333481e-01,-5.382884540076737778e-03,2.259398392352451879e-04,1.263190125216975268e+00
3.097222222222222321e-01,-5.648243092306159951e-03,1.650834205371154439e-04,1.265829131967311838e+00
3.111111111111111160e-01,-6.194567997866329279e-03,8.624066189888424105e-05,1.268546942727967419e+00
3.125000000000000000e-01,-6.965914402335293687e-03,-3.306830334004473571e-06,1.271625710667744436e+00
3.138888888888888840e-01,-7.877584228563883073e-03,-9.386515876119716495e-05,1.275230095497717819e+00
3.152777777777777679e-01,-8.828219007830817588e-03,-1.745671119630642920e-04,1.279419612010641139e+00
3.166666666666666519e-01,-9.715243100310466673e-03,-2.352873244637621042e-04,1.284190984346804676e+00
3.180555555555555913e-01,-1.044979477110530297e-02,-2.686859302052369003e-04,1.289520834568559593e+00
3.194444444444444753e-01,-1.096751208264201694e-02,-2.717130508393950095e-04,1.295385074491647970e+00
3.208333333333333592e-01,-1.123313629429212313e-02,-2.460624455284943224e-04,1.301748406203893538e+00
3.222222222222222432e-01,-1.123915294908428564e-02,-1.974330796734591331e-04,1.308535430913977393e+00
3.236111111111111271e-01,-1.100063069124512793e-02,-1.338859591006880123e-04,1.315604773057207133e+00
3.250000000000000111e-01,-1.054923753187164692e-02,-6.389002781492791883e-05,1.322745355858592653e+00
3.263888888888888951e-01,-9.928844377557588530e-03,5.288941349768094824e-06,1.329702100159550149e+00
3.277777777777777790e-01,-9.193531405162325143e-03,6.840360051807437003e-05,1.336223833782795190e+00
3.291666666666666630e-01,-8.407005088127306180e-03,1.221562374951190577e-04,1.342116361480606201e+00
3.305555555555555469e-01,-7.641286702440019951e-03,1.645226574487068660e-04,1.347282393299232162e+00
3.319444444444444309e-01,-6.972589001469131631e-03,1.939554849936797609e-04,1.351736605769259469e+00
3.333333333333333703e-01,-6.473532586492858343e-03,2.089295437146532208e-04,1.355594284654762838e+00
3.347222222222222543e-01,-6.202702114580738169e-03,2.080615855843959139e-04,1.359040777172093151e+00
3.361111111111111382e-01,-6.194159882574545861e-03,1.907174146262846648e-04,1.362293134045873266e+00
3.375000000000000222e-01,-6.450172032485212981e-03,1.577618824999404978e-04,1.365564452527980421e+00
3.388888888888889062e-01,-6.939734098667216244e-03,1.120261280842527185e-04,1.369037389146534167e+00
3.402777777777777901e-01,-7.603740473259179566e-03,5.819093735759395258e-05,1.372848658429006719e+00
3.416666666666666741e-01,-8.365514669211648879e-03,2.049501750533977429e-06,1.377082951283414403e+00
3.430555555555555580e-01,-9.143752262624538218e-03,-5.060958792935110750e-05,1.381773232444557742e+00
3.444444444444444420e-01,-9.864376077198144799e-03,-9.509506044302895589e-05,1.386904497162872119e+00
3.458333333333333259e-01,-1.046854524872209424e-02,-1.284984921774423583e-04,1.392419143343854415e+00
3.472222222222222099e-01,-1.091574101086223436e-02,-1.497779341104177320e-04,1.398223582502129858e+00
3.486111111111111494e-01,-1.118274003839569986e-02,-1.593069086416321056e-04,1.404197075381021342e+00
3.500000000000000333e-01,-1.126059086474562321e-02,-1.581687125806752192e-04,1.410204440265063752e+00
3.513888888888889173e-01,-1.115192363511052775e-02,-1.475448190975114926e-04,1.416113610823575009e+00
3.527777777777778012e-01,-1.087004014297043852e-02,-1.284485611154906337e-04,1.421816777749780769e+00
3.541666666666666852e-01,-1.043973382670504435e-02,-1.018483920640633755e-04,1.427250705454055968e+00
3.555555555555555691e-01,-9.898428015045368511e-03,-6.901576593953961947e-05,1.432409424216821492e+00
3.569444444444444531e-01,-9.295663963421851861e-03,-3.182446528260385321e-05,1.437342801406154003e+00
3.583333333333333370e-01,-8.689495415544534751e-03,7.229320922341742062e-06,1.442138489187994033e+00
3.597222222222222210e-01,-8.139709335374334387e-03,4.535096963564910766e-05,1.446891446509509294e+00
3.611111111111111049e-01,-7.699341234050471883e-03,7.998009907606018487e-05,1.451671659398100722e+00
3.624999999999999889e-01,-7.406936896874327658e-03,1.092679135723528816e-04,1.456503169353986493e+00
3.638888888888889284e-01,-7.281938772333518273e-03,1.322469347950772089e-04,1.461363808487519123e+00
3.652777777777778123e-01,-7.324451727265923751e-03,1.485904365505774649e-04,1.466205974947490276e+00
3.666666666666666963e-01,-7.518975620588008724e-03,1.580730600956314902e-04,1.470988423520498856e+00
3.680555555555555802e-01,-7.840246263131511739e-03,1.600149447762433397e-04,1.475702852835126144e+00
3.694444444444444642e-01,-8.258757921734805052e-03,1.530303109786856908e-04,1.480380938681752134e+00
3.708333333333333481e-01,-8.744081201490949695e-03,1.352821501816592331e-04,1.485077250322398790e+00
3.722222222222222321e-01,-9.265439500503624970e-03,1.052185033740826725e-04,1.489836577577043464e+00
3.736111111111111160e-01,-9.790486952907961893e-03,6.253611715134610449e-05,1.494663626205235296e+00
3.750000000000000000e-01,-1.028412324172922609e-02,8.990170781153494772e-06,1.499513221067178215e+00
3.763888888888888840e-01,-1.070908167988715576e-02,-5.129734669484520282e-05,1.504309197601807035e+00
3.777777777777777679e-01,-1.102903526967224934e-02,-1.121990546870677008e-04,1.508984792974963796e+00
3.791666666666667074e-01,-1.121361565905409918e-02,-1.665382723547992327e-04,1.513524712951859641e+00
3.805555555555555913e-01,-1.124371763550602310e-02,-2.073615202400347357e-04,1.517986368384657503e+00
3.819444444444444753e-01,-1.111525174845695574e-02,-2.291662542948103010e-04,1.522487204096622193e+00
3.833333333333333592e-01,-1.084015786057168640e-02,-2.287798924447415061e-04,1.527162130126741069e+00
3.847222222222222432e-01,-1.044461390664874756e-02,-2.057401832198380021e-04,1.532110843731484984e+00
3.861111111111111271e-01,-9.965368885610281779e-03,-1.621982947179745338e-04,1.537360593059498903e+00
3.875000000000000111e-01,-9.445518099623129160e-03,-1.024814021395314967e-04,1.542862125146040597e+00
3.888888888888888951e-01,-8.930710601422475747e-03,-3.247829372732269348e-05,1.548519019051212808e+00
3.902777777777777790e-01,-8.466027222779892725e-03,4.103290132473347285e-05,1.554232741542837637e+00
3.916666666666666630e-01,-8.093101939418367863e-03,1.110614732047210396e-04,1.559937523001809545e+00
3.930555555555555469e-01,-7.846901480927925832e-03,1.710699203041343708e-04,1.565605450541173838e+00
3.944444444444444864e-01,-7.752016896882985009e-03,2.156039081926408585e-04,1.571219930624342176e+00
3.958333333333333703e-01,-7.819064373945749935e-03,2.408230974495495502e-04,1.576735210022766509e+00
3.972222222222222543e-01,-8.042344290349667801e-03,2.448425753724947640e-04,1.582049860079234982e+00
3.986111111111111382e-01,-8.399864173327387107e-03,2.278130000412659228e-04,1.587016663845135511e+00
4.000000000000000222e-01,-8.856131770249575652e-03,1.917344135726750665e-04,1.591492333141655280e+00
4.013888888888889062e-01,-9.367102234804747241e-03,1.400821423693798806e-04,1.595407716724043468e+00
4.027777777777777901e-01,-9.885867301602679902e-03,7.737489678039111141e-05,1.598824984128460081e+00
4.041666666666666741e-01,-1.036755513401388384e-02,8.800579797352270361e-06,1.601950892585241704e+00
4.055555555555555580e-01,-1.077255011935474016e-02,-6.006241231215625476e-05,1.605094135937433997e+00
4.069444444444444420e-01,-1.106818903522466258e-02,-1.234884186374074488e-04,1.608580708274663706e+00
4.083333333333333259e-01,-1.122993684714579388e-02,-1.759296059216097774e-04,1.612661033020190260e+00
4.097222222222222654e-01,-1.124317092775051208e-02,-2.125141426461141236e-04,1.617446179787084048e+00
4.111111111111111494e-01,-1.110598133303142276e-02,-2.297017598174022623e-04,1.622896107361919249e+00
4.125000000000000333e-01,-1.083219873722818249e-02,-2.259451836845727257e-04,1.628858138826773327e+00
4.138888888888889173e-01,-1.045288422078716195e-02,-2.021177899118598020e-04,1.635131618445050172e+00
4.152777777777778012e-01,-1.001440230732608683e-02,-1.614876977535928404e-04,1.641526096618590280e+00
4.166666666666666852e-01,-9.572181010022440262e-03,-1.091551035559135130e-04,1.647889069612985757e+00
4.180555555555555691e-01,-9.180991566568152962e-03,-5.107023353723150194e-05,1.654099600622506827e+00
4.194444444444444531e-01,-8.884268271917683535e-03,7.077457619963922753e-06,1.660044408536550442e+00
4.208333333333333370e-01,-8.705790895608522817e-03,6.074752104456848656e-05,1.665602055915514690e+00
4.222222222222222210e-01,-8.646498612488784374e-03,1.069499036301380102e-04,1.670654087378277808e+00
4.236111111111111049e-01,-8.687454756114654231e-03,1.440952948188467531e-04,1.675123681291853295e+00
4.249999999999999889e-01,-8.797767394380429096e-03,1.714539259101144353e-04,1.679023250150688540e+00
4.263888888888889284e-01,-8.944549413156366313e-03,1.885284966238742754e-04,1.682483464060666734e+00
4.277777777777778123e-01,-9.101498960745857403e-03,1.946517673943048976e-04,1.685742633307638627e+00
4.291666666666666963e-01,-9.253551037295082438e-03,1.889865644244537179e-04,1.689093961353783868e+00
4.305555555555555802e-01,-9.396825526381213933e-03,1.709029574525899875e-04,1.692808932860802251e+00
4.319444444444444642e-01,-9.534939046998758272e-03,1.405305967594472349e-04,1.697066997639675279e+00
4.333333333333333481e-01,-9.673870836722109345e-03,9.921164185744402175e-05,1.701918625170635302e+00
4.347222222222222321e-01,-9.817605401432061285e-03,4.963529567625357686e-05,1.707292705326697302e+00
4.361111111111111160e-01,-9.965892975781542873e-03,-4.418357754332191689e-06,1.713038920358412653e+00
4.375000000000000000e-01,-1.011424392984050513e-02,-5.863434601405259627e-05,1.718981714455060761e+00
4.388888888888888840e-01,-1.025533689875945953e-02,-1.088210211230844493e-04,1.724961516276606766e+00
4.402777777777777679e-01,-1.038073955882534705e-02,-1.514597540817064214e-04,1.730850273024208796e+00
4.416666666666667074e-01,-1.048217253253813652e-02,-1.840053728097146291e-04,1.736544890623853199e+00
4.430555555555555913e-01,-1.055213314150194037e-02,-2.049049176466866129e-04,1.741954328347116387e+00
4.444444444444444753e-01,-1.058412269401198813e-02,-2.133980446226146910e-04,1.746997436732162789e+00
4.458333333333333592e-01,-1.057277573041837115e-02,-2.092144223322378593e-04,1.751619200763386175e+00
4.472222222222222432e-01,-1.051396383148706093e-02,-1.922897522792510472e-04,1.755819007224610928e+00
4.486111111111111271e-01,-1.040473433987987306e-02,-1.626004512322865025e-04,1.759674390288961554e+00
4.500000000000000111e-01,-1.024300911848285978e-02,-1.201862299744504980e-04,1.763343359885086059e+00
4.513888888888888951e-01,-1.002733376490461126e-02,-6.539473696420827764e-05,1.767038023209286379e+00
4.527777777777777790e-01,-9.757370993610514631e-03,6.656046940278770307e-07,1.770976281627745230e+00
4.541666666666666630e-01,-9.435880850704236877e-03,7.554793665498493738e-05,1.775329131724124210e+00
4.555555555555555469e-01,-9.072373193546923176e-03,1.549300534353648118e-04,1.780182890450669575e+00
4.569444444444444864e-01,-8.687561315484870761e-03,2.323464384588191933e-04,1.785528053417756666e+00
4.583333333333333703e-01,-8.316674747759655872e-03,2.994165665990422553e-04,1.791274156256952743e+00
4.597222222222222543e-01,-8.009250255546440656e-03,3.467024382404204630e-04,1.797279784005355374e+00
4.611111111111111382e-01,-7.823667725223693026e-03,3.651491092524494775e-04,1.803383773481654906e+00
4.625000000000000222e-01,-7.816398121874179594e-03,3.478524078230904593e-04,1.809428171401676444e+00
4.638888888888889062e-01,-8.028094634396687468e-03,2.917403127282724995e-04,1.815271735340384218e+00
4.652777777777777901e-01,-8.470365864173601267e-03,1.987215675676168303e-04,1.820799077118943288e+00
4.666666666666666741e-01,-9.117493943555210478e-03,7.597321520069755252e-05,1.825931169201047588e+00
4.680555555555555580e-01,-9.906178257046427404e-03,-6.473004973717166877e-05,1.830638148943983801e+00
4.694444444444444420e-01,-1.074396961744561452e-02,-2.084854896349241926e-04,1.834949114945166215e+00
4.708333333333333259e-01,-1.152433908150296560e-02,-3.391883527124051056e-04,1.838950837556954987e+00
4.722222222222222654e-01,-1.214437521453248792e-02,-4.415235619870117034e-04,1.842770622824481563e+00
4.736111111111111494e-01,-1.252066068838164625e-02,-5.027169568156963919e-04,1.846546494879608424e+00
4.750000000000000333e-01,-1.260001831027945940e-02,-5.138953346852659365e-04,1.850395621961923531e+00
4.763888888888889173e-01,-1.236393955678494194e-02,-4.710432429835265111e-04,1.854394378288837686e+00
4.777777777777778012e-01,-1.182764479415077119e-02,-3.756003644479477543e-04,1.858578402373664673e+00
4.791666666666666852e-01,-1.103598899835400715e-02,-2.347046771324912129e-04,1.862960776560485421e+00
4.805555555555555691e-01,-1.005841338782431649e-02,-6.099879004217712009e-05,1.867556658846789119e+00
4.819444444444444531e-01,-8.984068900566022364e-03,1.281455670349984644e-04,1.872399085384107487e+00
4.833333333333333370e-01,-7.916790063196010863e-03,3.121060294448696482e-04,1.877535608205701756e+00
4.847222222222222210e-01,-6.968581075866175922e-03,4.691879139757659800e-04,1.883006392056251421e+00
4.861111111111111049e-01,-6.250231517576310125e-03,5.793139057423957183e-04,1.888815226757397880e+00
4.875000000000000444e-01,-5.858662339300657607e-03,6.268609862170038127e-04,1.894909393785501273e+00
4.888888888888889284e-01,-5.862195466005637456e-03,6.031800405699172529e-04,1.901179808845694374e+00
4.902777777777778123e-01,-6.286464771066313517e-03,5.083394422582543370e-04,1.907481905333221484e+00
4.916666666666666963e-01,-7.104500890627640786e-03,3.517356434317164826e-04,1.913666682149057330e+00
4.930555555555555802e-01,-8.234262422328164632e-03,1.513758559115174762e-04,1.919606674317839712e+00
4.944444444444444642e-01,-9.545564114904259156e-03,-6.817454314411719452e-05,1.925206049109349671e+00
4.958333333333333481e-01,-1.087631385262621819e-02,-2.789918257510848321e-04,1.930394884519627929e+00
4.972222222222222321e-01,-1.205575552893556335e-02,-4.537542368208136168e-04,1.935118309788570912e+00
4.986111111111111160e-01,-1.293060248549160463e-02,-5.698866971108884627e-04,1.939334881006409717e+00
5.000000000000000000e-01,-1.338901684425231053e-02,-6.131738251919927052e-04,1.943032615855106116e+00
5.013888888888888840e-01,-1.337762729218194835e-02,-5.801022046201254057e-04,1.946258599604825612e+00
5.027777777777777679e-01,-1.290819692265721130e-02,-4.783524778133596556e-04,1.949146301255153091e+00
5.041666666666666519e-01,-1.205286338565514370e-02,-3.252225257934782121e-04,1.951921089679641952e+00
5.055555555555555358e-01,-1.092950439420903308e-02,-1.442598904084491096e-04,1.954872016520599942e+00
5.069444444444444198e-01,-9.680998359664627628e-03,3.913207890171577219e-05,1.958293499214224909e+00
5.083333333333333037e-01,-8.453270830990788909e-03,2.020545874081847160e-04,1.962416053091539325e+00
5.097222222222221877e-01,-7.376669721358197762e-03,3.274111775208865538e-04,1.967352196261963115e+00
5.111111111111111827e-01,-6.553523280104833759e-03,4.054871797949388679e-04,1.973077914353408069e+00
5.125000000000000666e-01,-6.052346101912853271e-03,4.337438531587523016e-04,1.979454246746926493e+00
5.138888888888889506e-01,-5.907014174551861174e-03,4.153353490146116656e-04,1.986275778973721984e+00
5.152777777777778345e-01,-6.118194937394960675e-03,3.571841448248846973e-04,1.993322362252486712e+00
5.166666666666667185e-01,-6.654784876654495918e-03,2.684002867665569170e-04,2.000392540965541421e+00
5.180555555555556024e-01,-7.454780592820675622e-03,1.594415289494222066e-04,2.007310369419282203e+00
5.194444444444444864e-01,-8.427000335467837999e-03,4.188276177252703292e-05,2.013913934213455548e+00
5.208333333333333703e-01,-9.456285948622245030e-03,-7.174107483454150724e-05,2.020044556960882254e+00
5.222222222222222543e-01,-1.041446870272011438e-02,-1.686288410986946928e-04,2.025554349844242097e+00
5.236111111111111382e-01,-1.117741875791722350e-02,-2.372555694964972872e-04,2.030337309968158976e+00
5.250000000000000222e-01,-1.164566986225512579e-02,-2.695482220866907141e-04,2.034372583804841206e+00
5.263888888888889062e-01,-1.176368224908763693e-02,-2.629901960595759647e-04,2.037757425037776571e+00
5.277777777777777901e-01,-1.153198784426301415e-02,-2.217567570230727370e-04,2.040708347780132215e+00
5.291666666666666741e-01,-1.100783785602654774e-02,-1.562108382406890428e-04,2.043522117192686061e+00
5.305555555555555580e-01,-1.029319721059707149e-02,-8.066102568804467410e-05,2.046506944157755470e+00
5.319444444444444420e-01,-9.512837851260336208e-03,-9.957508132707459936e-06,2.049908869422499613e+00
5.333333333333333259e-01,-8.788377340219533096e-03,4.402177192286416130e-05,2.053861228077814793e+00
5.347222222222222099e-01,-8.215205045146944940e-03,7.487833148367428748e-05,2.058374770626475225e+00
5.361111111111110938e-01,-7.847963185819040177e-03,8.245607142676192325e-05,2.063367774822264522e+00
5.374999999999999778e-01,-7.697182663595647512e-03,7.177833225124885530e-05,2.068718491655688219e+00
5.388888888888888618e-01,-7.736063984943974958e-03,5.072803033012718288e-05,2.074314728820712439e+00
5.402777777777777457e-01,-7.913608125066140531e-03,2.741603144951199056e-05,2.080080336812382136e+00
5.416666666666667407e-01,-8.169252155208361899e-03,8.150078472546340436e-06,2.085972426296364368e+00
5.430555555555556246e-01,-8.444971515063848244e-03,-3.472890747424628444e-06,2.091958568604577628e+00
5.444444444444445086e-01,-8.692839073493274782e-03,-6.370089572271808720e-06,2.097992161660172883e+00
5.458333333333333925e-01,-8.878241735865266548e-03,-1.132019257887861841e-06,2.104002634728444399e+00
5.472222222222222765e-01,-8.980398521863719452e-03,1.084579068155733239e-05,2.109906903878615125e+00
5.486111111111111605e-01,-8.992038784729317058e-03,2.780458594742185596e-05,2.115635506050669079e+00
5.500000000000000444e-01,-8.919253976425345343e-03,4.754879978552395414e-05,2.121158101758582326e+00
5.513888888888889284e-01,-8.781274579154896287e-03,6.713102003885751401e-05,2.126492856574149215e+00
5.527777777777778123e-01,-8.609013178759283846e-03,8.274255255713569568e-05,2.131692304143509631e+00
5.541666666666666963e-01,-8.441174043592347687e-03,9.015715518945199847e-05,2.136810300765477955e+00
5.555555555555555802e-01,-8.317601166240251587e-03,8.576048817765524745e-05,2.141864632942175106e+00
5.569444444444444642e-01,-8.270891392418988630e-03,6.783177240343718495e-05,2.146813110092981702e+00
5.583333333333333481e-01,-8.318455974053229340e-03,3.751780546590310905e-05,2.151556259299781892e+00
5.597222222222222321e-01,-8.457564373894221887e-03,-1.021587570981807858e-06,2.155969265499119381e+00
5.611111111111111160e-01,-8.665197138229885354e-03,-4.151301468091617153e-05,2.159953986911109070e+00
5.625000000000000000e-01,-8.902997913600607660e-03,-7.728693715325363200e-05,2.163493311925724250e+00
5.638888888888888840e-01,-9.125864426941632246e-03,-1.032028620322478218e-04,2.166687859508087399e+00
5.652777777777777679e-01,-9.291493837066511219e-03,-1.170306628690553907e-04,2.169759737476249839e+00
5.666666666666666519e-01,-9.368033170579437297e-03,-1.197181879835085283e-04,2.173018149403722177e+00
5.680555555555555358e-01,-9.337958717447136792e-03,-1.144202841931729608e-04,2.176793865536902572e+00
5.694444444444444198e-01,-9.197985504198591400e-03,-1.046907956743226009e-04,2.181360079354750958e+00
5.708333333333333037e-01,-8.956420111181806476e-03,-9.261838206331418633e-05,2.186862479784335456e+00
5.722222222222222987e-01,-8.630158566127477116e-03,-7.774302230778573630e-05,2.193279421089714631e+00
5.736111111111111827e-01,-8.243114866427703191e-03,-5.728071501742704186e-05,2.200424075843733007e+00
5.750000000000000666e-01,-7.826454483971900800e-03,-2.762742017381469850e-05,2.207987177657837918e+00
5.763888888888889506e-01,-7.419339274621350455e-03,1.345583821610318864e-05,2.215606079468637191e+00
5.777777777777778345e-01,-7.067896886526092715e-03,6.490540802683852917e-05,2.222938313518450393e+00
5.791666666666667185e-01,-6.820464412593985060e-03,1.215308618780497341e-04,2.229718700722313152e+00
5.805555555555556024e-01,-6.718826536310729125e-03,1.747302211043688658e-04,2.235787853585923912e+00
5.819444444444444864e-01,-6.787450106958914375e-03,2.145405503135577874e-04,2.241092526052261391e+00
5.833333333333333703e-01,-7.024460831733136956e-03,2.322771690455027738e-04,2.245668664168102069e+00
5.847222222222222543e-01,-7.398297967661449093e-03,2.227997982267027055e-04,2.249621266325670277e+00
5.861111111111111382e-01,-7.852289135536594245e-03,1.856467939482797647e-04,2.253110124862281793e+00
5.875000000000000222e-01,-8.316413124229704579e-03,1.247935571973002311e-04,2.256340679621716028e+00
5.888888888888889062e-01,-8.722581923663597081e-03,4.736665245275162306e-05,2.259550957588157161e+00
5.902777777777777901e-01,-9.018289728397910210e-03,-3.799324540931792171e-05,2.262984607798199654e+00
5.916666666666666741e-01,-9.174235879154224449e-03,-1.224389267981962348e-04,2.266847878360795931e+00
5.930555555555555580e-01,-9.184242072500126142e-03,-1.975658574053795746e-04,2.271260996910879015e+00
5.944444444444444420e-01,-9.059168081260615679e-03,-2.555545362499245243e-04,2.276224114341789395e+00
5.958333333333333259e-01,-8.818920631185278580e-03,-2.892919698016527263e-04,2.281617694906469040e+00
5.972222222222222099e-01,-8.486855351441668915e-03,-2.929561491944454588e-04,2.287244967624885383e+00
5.986111111111110938e-01,-8.088819450723150339e-03,-2.632075985182780187e-04,2.292904709651917727e+00
5.999999999999999778e-01,-7.655897952489887359e-03,-2.006468949913298161e-04,2.298466033394890751e+00
6.013888888888888618e-01,-7.227366491107112267e-03,-1.108499841384613660e-04,2.303912582979395829e+00
6.027777777777777457e-01,-6.849875136911265372e-03,-4.302246042087176647e-06,2.309335424159437267e+00
6.041666666666667407e-01,-6.570836196863716339e-03,1.050547995840034332e-04,2.314877224522379429e+00
6.055555555555556246e-01,-6.427366140356660651e-03,2.023596464875154766e-04,2.320653712785492040e+00
6.069444444444445086e-01,-6.435094303541610827e-03,2.746611705441992513e-04,2.326689668431126456e+00
6.083333333333333925e-01,-6.581998795693877469e-03,3.131339464683691176e-04,2.332899442137421175e+00
6.097222222222222765e-01,-6.830557530570935398e-03,3.140778131838217746e-04,2.339119512155110492e+00
6.111111111111111605e-01,-7.127781167053370837e-03,2.786718311469371656e-04,2.345174407223623803e+00
6.125000000000000444e-01,-7.419050232247315080e-03,2.119750998890168603e-04,2.350941295475662329e+00
6.138888888888889284e-01,-7.660062843508619324e-03,1.218588434328538028e-04,2.356381201929587554e+00
6.152777777777778123e-01,-7.822510034012353231e-03,1.832395977530154596e-05,2.361524615869136312e+00
6.166666666666666963e-01,-7.892643513772945596e-03,-8.683885310301064919e-05,2.366425185154340305e+00
6.180555555555555802e-01,-7.865743796493518403e-03,-1.805350248211823327e-04,2.371112794426601056e+00
6.194444444444444642e-01,-7.741486238330708147e-03,-2.495820804728765552e-04,2.375576678442341105e+00
6.208333333333333481e-01,-7.524180420825921090e-03,-2.828838870092553748e-04,2.379790607019216075e+00
6.222222222222222321e-01,-7.228340109680431169e-03,-2.741543634332543888e-04,2.383766043903650100e+00
6.236111111111111160e-01,-6.885985761226898205e-03,-2.242222457384812628e-04,2.387600408292297693e+00
6.250000000000000000e-01,-6.549846134623393823e-03,-1.418180203600627465e-04,2.391487147701131022e+00
6.263888888888888840e-01,-6.287661845145287032e-03,-4.218362208785464418e-05,2.395673136432454164e+00
6.277777777777777679e-01,-6.166805238137840206e-03,5.631048568233154583e-05,2.400377078184483537e+00
6.291666666666666519e-01,-6.233468966495792074e-03,1.365071866210598728e-04,2.405704891291925662e+00
6.305555555555555358e-01,-6.494142425854221301e-03,1.863030774273966017e-04,2.411602292592988306e+00
6.319444444444444198e-01,-6.907120469284322439e-03,2.007471369562807695e-04,2.417868483164406612e+00
6.333333333333333037e-01,-7.388230726329325648e-03,1.819208691493656715e-04,2.424226467668079366e+00
6.347222222222222987e-01,-7.829489313782467264e-03,1.370469982360233985e-04,2.430419793248671745e+00
6.361111111111111827e-01,-8.124586506069064740e-03,7.590005250257547686e-05,2.436295186028836213e+00
6.375000000000000666e-01,-8.193114446414462293e-03,8.632282376019873027e-06,2.441839858873220415e+00
6.388888888888889506e-01,-7.996907770773553636e-03,-5.538429632689911841e-05,2.447164928483194224e+00
6.402777777777778345e-01,-7.545657363171365262e-03,-1.078351218319895111e-04,2.452449825659157590e+00
6.416666666666667185e-01,-6.892940079231024697e-03,-1.415197128800116388e-04,2.457875178282984407e+00
6.430555555555556024e-01,-6.126067042043992217e-03,-1.508678663784124296e-04,2.463568981468468699e+00
6.444444444444444864e-01,-5.353029049522284311e-03,-1.331239814996720838e-04,2.469577451067903162e+00
6.458333333333333703e-01,-4.688148413442227991e-03,-8.975279175604811144e-05,2.475857627578707643e+00
6.472222222222222543e-01,-4.236514189026152621e-03,-2.720198194161582705e-05,2.482282288878593590e+00
6.486111111111111382e-01,-4.077269444537456877e-03,4.373700394655344326e-05,2.488651374506079428e+00
6.500000000000000222e-01,-4.247506285124380554e-03,1.101200352051634468e-04,2.494712892072384669e+00
6.513888888888889062e-01,-4.730722518427654677e-03,1.599553268221143298e-04,2.500201570550691699e+00
6.527777777777777901e-01,-5.454698403101865267e-03,1.850624724797356180e-04,2.504899222193452069e+00
6.541666666666666741e-01,-6.302010476512798220e-03,1.825813266806974866e-04,2.508707649003873108e+00
6.555555555555555580e-01,-7.132409487998536690e-03,1.546547464199576893e-04,2.511710623253383012e+00
6.569444444444444420e-01,-7.811653742445301418e-03,1.066813333796545749e-04,2.514195946566633921e+00
6.583333333333333259e-01,-8.238451700115057008e-03,4.517833824646544372e-05,2.516617814216702165e+00
6.597222222222222099e-01,-8.361601556751807607e-03,-2.364051831804658832e-05,2.519501455186112793e+00
6.611111111111110938e-01,-8.183218869507236093e-03,-9.401266340969272051e-05,2.523316455825658444e+00
6.624999999999999778e-01,-7.749346197701179051e-03,-1.597828663202349730e-04,2.528360046528804084e+00
6.638888888888888618e-01,-7.133611669319250836e-03,-2.135092325019627424e-04,2.534689045693408360e+00
6.652777777777778567e-01,-6.420878247039851772e-03,-2.465510621583177908e-04,2.542120055311780646e+00
6.666666666666667407e-01,-5.695630355642578024e-03,-2.506282847001273240e-04,2.550291191552039649e+00
6.680555555555556246e-01,-5.035699028837825608e-03,-2.204583150273720094e-04,2.558757661677285355e+00
6.694444444444445086e-01,-4.508370042513476506e-03,-1.563412771048433569e-04,2.567086891018313111e+00
6.708333333333333925e-01,-4.165053345851710276e-03,-6.539705498109782411e-05,2.574927623500989249e+00
6.722222222222222765e-01,-4.032963359725805219e-03,3.932803112416394242e-05,2.582044549303147640e+00
6.736111111111111605e-01,-4.106184075870267236e-03,1.417252461495266402e-04,2.588325319798697954e+00
6.750000000000000444e-01,-4.341493175287425288e-03,2.264139114025454091e-04,2.593772811623566099e+00
6.763888888888889284e-01,-4.664219278674330837e-03,2.820391333751004481e-04,2.598491419465104535e+00
6.777777777777778123e-01,-4.985739138839484497e-03,3.029696180343321998e-04,2.602667554703786301e+00
6.791666666666666963e-01,-5.228604237991874015e-03,2.891004587493029021e-04,2.606539135480979041e+00
6.805555555555555802e-01,-5.350625712407186541e-03,2.443364949451520829e-04,2.610351354543117175e+00
6.819444444444444642e-01,-5.358192960255081516e-03,1.748098418765664519e-04,2.614305057038036395e+00
6.833333333333333481e-01,-5.302589113798994447e-03,8.775177431008529538e-05,2.618513300600230131e+00
6.847222222222222321e-01,-5.259741268901052536e-03,-8.683158728928219716e-06,2.622984000840634877e+00
6.861111111111111160e-01,-5.300692537689499773e-03,-1.050706839329507147e-04,2.627638844078209246e+00
6.875000000000000000e-01,-5.463938650403399322e-03,-1.906862713587642588e-04,2.632363894807968840e+00
6.888888888888888840e-01,-5.739888372630730373e-03,-2.544859241062624733e-04,2.637073063004255147e+00
6.902777777777777679e-01,-6.072592877385041277e-03,-2.871827075532351614e-04,2.641759425142217843e+00
6.916666666666666519e-01,-6.376984905662297365e-03,-2.837693900836768535e-04,2.646514547939123219e+00
6.930555555555555358e-01,-6.564280527122434705e-03,-2.453948179272913421e-04,2.651509569863380378e+00
6.944444444444444198e-01,-6.566177326699396133e-03,-1.796097489874526332e-04,2.656946771616286007e+00
6.958333333333334147e-01,-6.350441824670483015e-03,-9.862637454816081117e-05,2.662999668160466626e+00
6.972222222222222987e-01,-5.924979441732425300e-03,-1.608516950479810248e-05,2.669760158722939813e+00
6.986111111111111827e-01,-5.332142865767330875e-03,5.651683337770663229e-05,2.677204973497562257e+00
7.000000000000000666e-01,-4.637799912167395178e-03,1.124234718972161318e-04,2.685185652015247726e+00
7.013888888888889506e-01,-3.919756442776645144e-03,1.503398512667786235e-04,2.693441078815730805e+00
7.027777777777778345e-01,-3.258170211788424808e-03,1.731543640062227496e-04,2.701630256960369181e+00
7.041666666666667185e-01,-2.728128150319975020e-03,1.853396187829758901e-04,2.709383023986108086e+00
7.055555555555556024e-01,-2.393059853351253707e-03,1.901874451499807606e-04,2.716364266679495820e+00
7.069444444444444864e-01,-2.297769646132152843e-03,1.880161695186899351e-04,2.722341578194095391e+00
7.083333333333333703e-01,-2.461207987903613059e-03,1.760240657544542842e-04,2.727239826624130892e+00
7.097222222222222543e-01,-2.870639321582046932e-03,1.497741574052469105e-04,2.731163940743531526e+00
7.111111111111111382e-01,-3.479584148027292656e-03,1.056668734245036489e-04,2.734377528837868887e+00
7.125000000000000222e-01,-4.211374040173687661e-03,4.341410158925640417e-05,2.737239403850336039e+00
7.138888888888889062e-01,-4.968640439484417470e-03,-3.243760481730362244e-05,2.740116970881880221e+00
7.152777777777777901e-01,-5.647306245731620322e-03,-1.125280984295429221e-04,2.743306228122238899e+00
7.166666666666666741e-01,-6.152410084609982732e-03,-1.843117945377059641e-04,2.746986328200307526e+00
7.180555555555555580e-01,-6.412743655195285442e-03,-2.348390479323114732e-04,2.751221867715035074e+00
7.194444444444444420e-01,-6.391737500496041946e-03,-2.538911322185199992e-04,2.756004912170186394e+00
7.208333333333333259e-01,-6.092921658789052231e-03,-2.365827911106066495e-04,2.761311577618453583e+00
7.222222222222222099e-01,-5.559248134076710812e-03,-1.847244566217653983e-04,2.767143347402550191e+00
7.236111111111110938e-01,-4.866418916536829897e-03,-1.066078926399427473e-04,2.773533273305185176e+00
7.249999999999999778e-01,-4.111136385053448805e-03,-1.532152781980045120e-05,2.780516255741431131e+00
7.263888888888888618e-01,-3.395946271493421875e-03,7.392151696539173145e-05,2.788080708913137862e+00
7.277777777777778567e-01,-2.813026629321591088e-03,1.467558633061472051e-04,2.796127161312131015e+00
7.291666666666667407e-01,-2.429685285678218065e-03,1.922610621374332140e-04,2.804454574435061076e+00
7.305555555555556246e-01,-2.278213976040888156e-03,2.046983254242462635e-04,2.812781242024488648e+00
7.319444444444445086e-01,-2.351992416690151799e-03,1.841772916879591548e-04,2.820792136213377432e+00
7.333333333333333925e-01,-2.608471437023140993e-03,1.362960250599343226e-04,2.828195889262524076e+00
7.347222222222222765e-01,-2.978244206652824744e-03,7.095440658755336472e-05,2.834774970181721976e+00
7.361111111111111605e-01,-3.378256186566730435e-03,5.932743736281054225e-07,2.840419329927700076e+00
7.375000000000000444e-01,-3.726599593344204209e-03,-6.189424422053946273e-05,2.845141302622463897e+00
7.388888888888889284e-01,-3.956342917388333547e-03,-1.053340881442821342e-04,2.849073479454694358e+00
7.402777777777778123e-01,-4.026304811501013603e-03,-1.222446794324483221e-04,2.852451080924223170e+00
7.416666666666666963e-01,-3.927352714444332094e-03,-1.102818180749309818e-04,2.855579049476879128e+00
7.430555555555555802e-01,-3.683498507712990033e-03,-7.282267377828333110e-05,2.858785347977542024e+00
7.444444444444444642e-01,-3.347701251616541640e-03,-1.846121617177232110e-05,2.862366874199716804e+00
7.458333333333333481e-01,-2.992885320781013547e-03,4.059325006089409271e-05,2.866540265663847009e+00
7.472222222222222321e-01,-2.699269351950306373e-03,9.094784041252523821e-05,2.871411901560552593e+00
7.486111111111111160e-01,-2.539659532491356231e-03,1.207915500369693973e-04,2.876976383387569669e+00
7.500000000000000000e-01,-2.564820433978987069e-03,1.224016512155756686e-04,2.883141884353679352e+00
7.513888888888888840e-01,-2.791310522648693393e-03,9.386507743425198669e-05,2.889769561457508296e+00
7.527777777777777679e-01,-3.194180565694537677e-03,3.967650063962935292e-05,2.896709419519106987e+00
7.541666666666666519e-01,-3.706608113538401028e-03,-2.989829445443348277e-05,2.903819970677633755e+00
7.555555555555555358e-01,-4.227789102311696467e-03,-1.006064758088953681e-04,2.910971094648393098e+00
7.569444444444444198e-01,-4.639137715735763834e-03,-1.568976048487158437e-04,2.918041134204979237e+00
7.583333333333334147e-01,-4.827062483469646281e-03,-1.851349774746324783e-04,2.924922597105691580e+00
7.597222222222222987e-01,-4.708530562671064956e-03,-1.767873529763264173e-04,2.931542960991859736e+00
7.611111111111111827e-01,-4.253862216772041904e-03,-1.309088132126490223e-04,2.937892500282942798e+00
7.625000000000000666e-01,-3.500498862666567845e-03,-5.516532318861067097e-05,2.944039491348779514e+00
7.638888888888889506e-01,-2.552566856938831563e-03,3.516031914774231382e-05,2.950113610058074265e+00
7.652777777777778345e-01,-1.564127131573833651e-03,1.202978111516372905e-04,2.956253006687657781e+00
7.666666666666667185e-01,-7.084693226540039745e-04,1.807048577235903508e-04,2.962532475078393013e+00
7.680555555555556024e-01,-1.403167808398109173e-04,2.021797573430461625e-04,2.968906535565388083e+00
7.694444444444444864e-01,3.933491006957723357e-05,1.798511228292554165e-04,2.975200870263255304e+00
7.708333333333333703e-01,-1.938772977192471103e-04,1.197170838223016176e-04,2.981165843042435704e+00
7.722222222222222543e-01,-7.833444441560644123e-04,3.712736516359171901e-05,2.986575484213022769e+00
7.736111111111111382e-01,-1.606519964933106337e-03,-4.738836024831272198e-05,2.991330154142405995e+00
7.750000000000000222e-01,-2.504421750389340673e-03,-1.136404874735319481e-04,2.995515451912607929e+00
7.763888888888889062e-01,-3.316854877122743517e-03,-1.469225898089732141e-04,2.999388276247320739e+00
7.777777777777777901e-01,-3.913933455832463437e-03,-1.412833836411664379e-04,3.003294785995260341e+00
7.791666666666666741e-01,-4.216914534368676470e-03,-1.001932527335824830e-04,3.007557099417137003e+00
7.805555555555555580e-01,-4.205586545425354927e-03,-3.480729252114400651e-05,3.012379237419488653e+00
7.819444444444444420e-01,-3.913596002673713770e-03,3.926581231006309736e-05,3.017811144979845039e+00
7.833333333333333259e-01,-3.415616060077120153e-03,1.055583269566895410e-04,3.023779271475084407e+00
7.847222222222222099e-01,-2.810647821529954626e-03,1.498281680092361512e-04,3.030159576980471670e+00
7.861111111111110938e-01,-2.204598949281155740e-03,1.622564764689471417e-04,3.036850952988523922e+00
7.874999999999999778e-01,-1.693813341580252541e-03,1.387960890504302824e-04,3.043812174607086973e+00
7.888888888888889728e-01,-1.350478103275598585e-03,8.183361985647508163e-05,3.051049074156039431e+00
7.902777777777778567e-01,-1.211104250142369665e-03,1.730459402438100369e-07,3.058566493178766166e+00
7.916666666666667407e-01,-1.270019579486358907e-03,-9.187961959433721404e-05,3.066316458848577398e+00
7.930555555555556246e-01,-1.480071572841801242e-03,-1.765963721682695109e-04,3.074172130200714115e+00
7.944444444444445086e-01,-1.761814748271639530e-03,-2.360666715821579942e-04,3.081939761302161962e+00
7.958333333333333925e-01,-2.020385392000001445e-03,-2.560887188574056950e-04,3.089399837133654181e+00
7.972222222222222765e-01,-2.166833105560428407e-03,-2.297360524856628672e-04,3.096355935073455967e+00
7.986111111111111605e-01,-2.138979022982212541e-03,-1.594786487224553184e-04,3.102671412519518057e+00
8.000000000000000444e-01,-1.916695036223714510e-03,-5.706133261362822395e-05,3.108286090162000193e+00
8.013888888888889284e-01,-1.527916357421332805e-03,5.896337013844288322e-05,3.113218048489173384e+00
8.027777777777778123e-01,-1.044079858053770238e-03,1.673792524838901841e-04,3.117560633943305071e+00
8.041666666666666963e-01,-5.661008764690222961e-04,2.489442944817454872e-04,3.121479542796331330e+00
8.055555555555555802e-01,-2.037665011132006043e-04,2.902824540464976621e-04,3.125204905202900285e+00
8.069444444444444642e-01,-5.235848008844357082e-05,2.861613924096673145e-04,3.129007690925163843e+00
8.083333333333333481e-01,-1.706716759697357588e-04,2.398681819064663046e-04,3.133154562633284179e+00
8.097222222222222321e-01,-5.646543200903408888e-04,1.619094717977276332e-04,3.137848984115240825e+00
8.111111111111111160e-01,-1.180632570178197227e-03,6.753837192174927395e-05,3.143180332598958238e+00
8.125000000000000000e-01,-1.911085595940775761e-03,-2.634942165435916195e-05,3.149106656997924247e+00
8.138888888888888840e-01,-2.613754315777150339e-03,-1.044664404341588693e-04,3.155485466808095829e+00
8.152777777777777679e-01,-3.141510205811215428e-03,-1.560602112835596245e-04,3.162144604467734155e+00
8.166666666666666519e-01,-3.376690263704240635e-03,-1.769787101268960328e-04,3.168963440656642483e+00
8.180555555555555358e-01,-3.260978475391418385e-03,-1.703018822540869337e-04,3.175925963181266631e+00
8.194444444444445308e-01,-2.811849446574754552e-03,-1.451343969449681026e-04,3.183117975061373173e+00
8.208333333333334147e-01,-2.119737217947559316e-03,-1.136170620235077422e-04,3.190666319882939916e+00
8.222222222222222987e-01,-1.325750954360493949e-03,-8.687263073614559516e-05,3.198646133061006758e+00
8.236111111111111827e-01,-5.859873970361917372e-04,-7.117388619626296986e-05,3.206998336110423509e+00
8.250000000000000666e-01,-3.288391653999411801e-05,-6.577561351495120334e-05,3.215495882482213297e+00
8.263888888888889506e-01,2.551593287387632358e-04,-6.339821177991922241e-05,3.223775909049501287e+00
8.277777777777778345e-01,2.677828466426390719e-04,-5.338380281383336978e-05,3.231426927426158890e+00
8.291666666666667185e-01,5.789025150182425250e-05,-2.644100359905365849e-05,3.238098914801722294e+00
8.305555555555556024e-01,-2.783756129165482207e-04,2.085233321125201655e-05,3.243598377012613554e+00
8.319444444444444864e-01,-6.294233807553339943e-04,8.363407223566099447e-05,3.247940328880997818e+00
8.333333333333333703e-01,-8.954943874979193197e-04,1.495038220742372914e-04,3.251347442898790518e+00
8.347222222222222543e-01,-1.009174887472319426e-03,2.022521509124075578e-04,3.254203752478173506e+00
8.361111111111111382e-01,-9.462522137901885344e-04,2.272005215235850528e-04,3.256979781251512662e+00
8.375000000000000222e-01,-7.270513594024308190e-04,2.161540514160620319e-04,3.260147160756889484e+00
8.388888888888889062e-01,-4.099993887205499732e-04,1.701640363069856221e-04,3.264097589190118498e+00
8.402777777777777901e-01,-7.936443986444885468e-05,9.919473022534930351e-05,3.269077929792755910e+00
8.416666666666666741e-01,1.712568484615317743e-04,1.897525551175505143e-05,3.275152027955347656e+00
8.430555555555555580e-01,2.580847362203542161e-04,-5.371031793544034372e-05,3.282198437230452015e+00
8.444444444444444420e-01,1.264235853337680737e-04,-1.056435127591015544e-04,3.289948256472786881e+00
8.458333333333333259e-01,-2.337589812260176814e-04,-1.303009261235388294e-04,3.298057326202247452e+00
8.472222222222222099e-01,-7.804100525490298423e-04,-1.287828541780555724e-04,3.306194876971762397e+00
8.486111111111110938e-01,-1.423636021671725871e-03,-1.086172306159483014e-04,3.314122289546215683e+00
8.499999999999999778e-01,-2.042311026256626860e-03,-8.108602429501843289e-05,3.321736487496380619e+00
8.513888888888889728e-01,-2.509876577315495183e-03,-5.793858002611784741e-05,3.329064093268888413e+00
8.527777777777778567e-01,-2.722766729402081864e-03,-4.827415648200883425e-05,3.336210688210453412e+00
8.541666666666667407e-01,-2.623528361585414359e-03,-5.616032984256946747e-05,3.343286431919027635e+00
8.555555555555556246e-01,-2.212155510150637383e-03,-7.935979048312447048e-05,3.350337427590108774e+00
8.569444444444445086e-01,-1.543004860518060184e-03,-1.094174679474591017e-04,3.357308400476406440e+00
8.583333333333333925e-01,-7.094254813697631334e-04,-1.332514288261421598e-04,3.364049012162213970e+00
8.597222222222222765e-01,1.779822955141341367e-04,-1.361870246574525822e-04,3.370359856637599627e+00
8.611111111111111605e-01,1.012245044514692438e-03,-1.060194245452450446e-04,3.376061458379999713e+00
8.625000000000000444e-01,1.704349388614190275e-03,-3.725088273043297704e-05,3.381064036141133045e+00
8.638888888888889284e-01,2.188947071487312712e-03,6.569268568146213738e-05,3.385417215844957362e+00
8.652777777777778123e-01,2.423327512166117970e-03,1.874892997877353196e-04,3.389324809315731990e+00
8.666666666666666963e-01,2.384145722023056635e-03,3.039945186111836506e-04,3.393117881883962461e+00
8.680555555555555802e-01,2.066505927988515623e-03,3.873294250293923824e-04,3.397188689318678456e+00
8.694444444444444642e-01,1.487675145046551961e-03,4.129382391635516569e-04,3.401898476797112991e+00
8.708333333333333481e-01,6.940791033525073317e-04,3.667357450414243658e-04,3.407482262101348525e+00
8.722222222222222321e-01,-2.329444522066737022e-04,2.501560449781337070e-04,3.413979954512186943e+00
8.736111111111111160e-01,-1.178311350647831546e-03,8.132395380577861488e-05,3.421220691624736077e+00
8.750000000000000000e-01,-2.005343167660100789e-03,-1.083625922468911540e-04,3.428873290547494790e+00
8.763888888888888840e-01,-2.579055672259578103e-03,-2.815432300726783410e-04,3.436552608793483010e+00
8.777777777777777679e-01,-2.795983254920919592e-03,-4.041269753605192250e-04,3.443947763717253530e+00
8.791666666666666519e-01,-2.612274796373270647e-03,-4.537852911425943603e-04,3.450924844181116669e+00
8.805555555555555358e-01,-2.060801193367822748e-03,-4.252136064426537132e-04,3.457562371299829351e+00
8.819444444444445308e-01,-1.250295264307865750e-03,-3.306569297691908105e-04,3.464102533542780193e+00
8.833333333333334147e-01,-3.444848320084403781e-04,-1.956747316524953817e-04,3.470835660148019919e+00
8.847222222222222987e-01,4.748183361353852661e-04,-5.158313745923237548e-05,3.477964175175182859e+00
8.861111111111111827e-01,1.051615294858088134e-03,7.303631612654015726e-05,3.485501709790194802e+00
8.875000000000000666e-01,1.294980136718137942e-03,1.592309986335749272e-04,3.493248292709450809e+00
8.888888888888889506e-01,1.202791533638780663e-03,2.011128478622836724e-04,3.500850347187479450e+00
8.902777777777778345e-01,8.628126923291290495e-04,2.051717551871945489e-04,3.507919608786131960e+00
8.916666666666667185e-01,4.297410282338987031e-04,1.860962769120177995e-04,3.514163584340233903e+00
8.930555555555556024e-01,8.309975871156893845e-05,1.607034989756783716e-04,3.519480082555720202e+00
8.944444444444444864e-01,-2.387678214699207047e-05,1.419756738902933080e-04,3.523987122569013586e+00
8.958333333333333703e-01,1.888651043007172348e-04,1.349837371282802678e-04,3.527986238989569756e+00
8.972222222222222543e-01,6.987814670882386281e-04,1.357937128183550612e-04,3.531879181129450984e+00
8.986111111111111382e-01,1.378646293073160223e-03,1.335407218725492839e-04,3.536067579986211129e+00
9.000000000000000222e-01,2.025155100108477768e-03,1.149579818626733640e-04,3.540862580316177954e+00
9.013888888888889062e-01,2.413138352626909011e-03,6.995770835604986360e-05,3.546422700690841090e+00
9.027777777777777901e-01,2.362022249602802049e-03,-3.484186041902148645e-06,3.552729753281658631e+00
9.041666666666666741e-01,1.795674243105338519e-03,-9.679421720676373297e-05,3.559606932471123031e+00
9.055555555555555580e-01,7.764445908060579882e-04,-1.917058783975633673e-04,3.566777821983417418e+00
9.069444444444444420e-01,-4.998318508748766931e-04,-2.647158598643173377e-04,3.573956365074422159e+00
9.083333333333333259e-01,-1.749881775555017782e-03,-2.940361991958795329e-04,3.580945463749267255e+00
9.097222222222222099e-01,-2.678810158542432873e-03,-2.669771795638098411e-04,3.587711165622533116e+00
9.111111111111110938e-01,-3.063619680914619892e-03,-1.852493701397506243e-04,3.594398998087373620e+00
9.125000000000000888e-01,-2.818299171003069148e-03,-6.607637562883184046e-05,3.601274873179119318e+00
9.138888888888889728e-01,-2.019114083052997444e-03,6.173684110422072990e-05,3.608602694278255640e+00
9.152777777777778567e-01,-8.812047585724513965e-04,1.658918881126680844e-04,3.616502386956033988e+00
9.166666666666667407e-01,3.064056950679017177e-04,2.203520488590626769e-04,3.624849101839584087e+00
9.180555555555556246e-01,1.266499641057627912e-03,2.134801961348742338e-04,3.633264876518450315e+00
9.194444444444445086e-01,1.812583374141141235e-03,1.516819058817731047e-04,3.641218529622118893e+00
9.208333333333333925e-01,1.896507558366344881e-03,5.720489399951844689e-05,3.648202405127659809e+00
9.222222222222222765e-01,1.611385430329903556e-03,-3.916531019498847854e-05,3.653917908349869847e+00
9.236111111111111605e-01,1.151417397946552512e-03,-1.079471055147607217e-04,3.658394175987026209e+00
9.250000000000000444e-01,7.436936035833952019e-04,-1.299391230880075909e-04,3.661990686978294107e+00
9.263888888888889284e-01,5.745509577774754462e-04,-1.013920042609584016e-04,3.665283338418278802e+00
9.277777777777778123e-01,7.327785901747319031e-04,-3.396126329491266915e-05,3.668881629119159271e+00
9.291666666666666963e-01,1.184972522167093700e-03,5.005410595426695863e-05,3.673249900188303663e+00
9.305555555555555802e-01,1.787752658102270686e-03,1.251485942797003759e-04,3.678597729574826225e+00
9.319444444444444642e-01,2.331034230019568554e-03,1.700785038867280718e-04,3.684869757118555356e+00
9.333333333333333481e-01,2.598940859831699868e-03,1.731349376825619402e-04,3.691821964975824599e+00
9.347222222222222321e-01,2.431621078775592082e-03,1.340966023253287176e-04,3.699140281023941768e+00
9.361111111111111160e-01,1.772162198804494437e-03,6.296779328884838378e-05,3.706550316107872334e+00
9.375000000000000000e-01,6.871243558013162556e-04,-2.352025265928148201e-05,3.713882647807636772e+00
9.388888888888888840e-01,-6.442266813140307136e-04,-1.063608140272620517e-04,3.721084253659838303e+00
9.402777777777777679e-01,-1.969389594768777840e-03,-1.685573783847260643e-04,3.728188923875971561e+00
9.416666666666666519e-01,-3.021129458126381451e-03,-1.984926173950185557e-04,3.735268923689968545e+00
9.430555555555556468e-01,-3.580311826206106218e-03,-1.919557614913358634e-04,3.742387244342590513e+00
9.444444444444445308e-01,-3.526905927636825311e-03,-1.526045109203622019e-04,3.749561523049210088e+00
9.458333333333334147e-01,-2.865952832427076657e-03,-9.079259165734043791e-05,3.756744567296034454e+00
9.472222222222222987e-01,-1.722244807069728267e-03,-2.093089011090398799e-05,3.763824919810339509e+00
9.486111111111111827e-01,-3.064710640749979120e-04,4.209362388429838120e-05,3.770650793698409942e+00
9.500000000000000666e-01,1.136290953429153205e-03,8.655767499377020613e-05,3.777076727178149795e+00
9.513888888888889506e-01,2.380467767481242447e-03,1.065666299053802391e-04,3.783022549563312076e+00
9.527777777777778345e-01,3.261845068300850414e-03,1.029355323405312106e-04,3.788522996174713775e+00
9.541666666666667185e-01,3.698497588960236726e-03,8.206194594606586179e-05,3.793741956902184853e+00
9.555555555555556024e-01,3.689690395005662538e-03,5.328883635424830345e-05,3.798934557008318613e+00
9.569444444444444864e-01,3.298486411913437166e-03,2.578724014146160926e-05,3.804362283488287311e+00
9.583333333333333703e-01,2.627179401833323880e-03,6.073326692224156886e-06,3.810191587065346219e+00
9.597222222222222543e-01,1.793882972354943206e-03,-3.120776855602969135e-06,3.816420833795439727e+00
9.611111111111111382e-01,9.148857601015691898e-04,-2.563082421858098314e-06,3.822873866395415376e+00
9.625000000000000222e-01,9.312452787835212575e-05,4.656377408984724298e-06,3.829271022210021691e+00
9.638888888888889062e-01,-5.894503504206838329e-04,1.446548036820871630e-05,3.835352244365551222e+00
9.652777777777777901e-01,-1.077816914096807466e-03,2.279042846620171758e-05,3.840999987562375928e+00
9.666666666666666741e-01,-1.348410765899643593e-03,2.610089703125595406e-05,3.846306470911581954e+00
9.680555555555555580e-01,-1.410457368748119222e-03,2.180619900915559128e-05,3.851553258233933796e+00
9.694444444444444420e-01,-1.301785494549179134e-03,8.820967162037618436e-06,3.857110287514332825e+00
9.708333333333333259e-01,-1.078370466476741285e-03,-1.169567135228533061e-05,3.863297325320029785e+00
9.722222222222222099e-01,-7.997126637526719151e-04,-3.585451699272823589e-05,3.870266186002707443e+00
9.736111111111110938e-01,-5.145889087092569980e-04,-5.743941341052050120e-05,3.877950352176069870e+00
9.750000000000000888e-01,-2.521517966593833648e-04,-6.958641263654641307e-05,3.886096845114960452e+00
9.763888888888889728e-01,-2.130479129736073673e-05,-6.746427808135280202e-05,3.894359562972856459e+00
9.777777777777778567e-01,1.823443412156677823e-04,-5.093408594802895095e-05,3.902410517489089514e+00
9.791666666666667407e-01,3.660244278469448886e-04,-2.578836372268966670e-05,3.910024290207538833e+00
9.805555555555556246e-01,5.312767158205389251e-04,-2.490283357303724188e-06,3.917109148508373551e+00
9.819444444444445086e-01,6.714368054696606691e-04,7.661709946482631040e-06,3.923684596846086059e+00
9.833333333333333925e-01,7.757862691590844406e-04,-2.273738989089224560e-06,3.929826762991003974e+00
9.847222222222222765e-01,8.373601805349295546e-04,-3.050687420014241980e-05,3.935611596490142361e+00
9.861111111111111605e-01,8.593672863641543813e-04,-6.521096258094161158e-05,3.941080597746144498e+00
9.875000000000000444e-01,8.558733196659673581e-04,-8.753945205963731269e-05,3.946240001722453705e+00
9.888888888888889284e-01,8.454950173186759343e-04,-7.846776415743050848e-05,3.951089303533232844e+00
9.902777777777778123e-01,8.407934305232345196e-04,-2.716039347028242901e-05,3.955664192783441280e+00
9.916666666666666963e-01,8.388148194740097097e-04,6.247096867362245121e-05,3.960074484966881414e+00
9.930555555555555802e-01,8.183150677067985157e-04,1.700706181617661628e-04,3.964519186900488101e+00
9.944444444444444642e-01,7.464047749881075333e-04,2.634376272947491771e-04,3.969267365816977033e+00
9.958333333333333481e-01,5.928645992545611421e-04,3.084594511149063578e-04,3.974604005042045252e+00
9.972222222222222321e-01,3.462856701661465308e-04,2.811797633865964485e-04,3.980752853192924157e+00
9.986111111111111160e-01,2.450662631314770579e-05,1.776461300293519230e-04,3.987799936600496586e+00
1.000000000000000000e+00,-3.264383626966349539e-04,1.765528398500748608e-05,3.995646755026205810e+00
