ky,energy,edge_weight,ZA_expect,ZB_expect
-3.141592653589793116e+00,-9.493865971960655514e-01,1.000000000000000000e+00,-1.000000000000000000e+00,1.000000000000000000e+00
-3.141592653589793116e+00,-9.254737014703461329e-01,1.000000000000000444e+00,1.000000000000000444e+00,1.000000000000000444e+00
-3.141592653589793116e+00,-5.553264237161109618e-02,1.000000000000000000e+00,1.000000000000000000e+00,-1.000000000000000000e+00
-3.141592653589793116e+00,-5.553264237161108924e-02,9.999999999999998890e-01,-9.999999999999998890e-01,9.999999999999998890e-01
-3.141592653589793116e+00,-5.553264237161100597e-02,1.000000000000000222e+00,-1.000000000000000222e+00,-1.000000000000000222e+00
-3.141592653589793116e+00,-5.553264237161096434e-02,1.000000000000000444e+00,1.000000000000000444e+00,1.000000000000000444e+00
-3.141592653589793116e+00,-7.876587073048384180e-03,9.999999999999992228e-01,-9.999999999999992228e-01,-9.999999999999992228e-01
-3.141592653589793116e+00,2.123412926951526256e-03,9.999999999999991118e-01,9.999999999999991118e-01,-9.999999999999991118e-01
-3.141592653589793116e+00,8.212341292695132799e-02,9.999999999999995559e-01,-9.999999999999995559e-01,9.999999999999995559e-01
-3.141592653589793116e+00,1.321234129269514557e-01,1.000000000000000444e+00,1.000000000000000444e+00,1.000000000000000444e+00
-3.106686068549906476e+00,-9.489104886450089316e-01,9.999999988362930914e-01,-9.999999999999990008e-01,9.999999999999990008e-01
-3.106686068549906476e+00,-9.280293480766029779e-01,9.999999997258939288e-01,9.999999999999998890e-01,9.999999999999998890e-01
-3.106686068549906476e+00,-9.043211587665660189e-02,1.000000000000000000e+00,-1.000000000000000000e+00,1.000000000000000000e+00
-3.106686068549906476e+00,-9.043211587665656026e-02,1.000000000000000000e+00,1.000000000000000000e+00,-1.000000000000000000e+00
-3.106686068549906476e+00,-4.277607338604661608e-02,9.999999999999984457e-01,-9.999999999999984457e-01,-9.999999999999984457e-01
-3.106686068549906476e+00,-2.063312267233487901e-02,9.999999999999997780e-01,-9.999999999999997780e-01,-9.999999999999997780e-01
-3.106686068549906476e+00,-2.063312267233486166e-02,1.000000000000000000e+00,1.000000000000000000e+00,1.000000000000000000e+00
-3.106686068549906476e+00,3.702291627944710034e-02,9.999999999999991118e-01,9.999999999999991118e-01,-9.999999999999991118e-01
-3.106686068549906476e+00,9.722387496357171033e-02,9.999999999999996669e-01,9.999999999999996669e-01,9.999999999999996669e-01
-3.106686068549906476e+00,1.170228865002527763e-01,9.999999999999981126e-01,-9.999999999999981126e-01,9.999999999999981126e-01
-3.071779483510019837e+00,-9.496187753795346520e-01,9.999997343737719868e-01,-1.000000000000000000e+00,1.000000000000000000e+00
-3.071779483510019837e+00,-9.317616718052728064e-01,9.999999209416239321e-01,9.999999999999984457e-01,9.999999999999984457e-01
-3.071779483510019837e+00,-1.252887435588102283e-01,1.000000000000000000e+00,-1.000000000000000444e+00,1.000000000000000444e+00
-3.071779483510019837e+00,-1.252887435588100618e-01,9.999999999999995559e-01,9.999999999999997780e-01,-9.999999999999997780e-01
-3.071779483510019837e+00,-7.763289436187947867e-02,1.000000000000000444e+00,-1.000000000000000444e+00,-1.000000000000000444e+00
-3.071779483510019837e+00,1.422419751511369221e-02,1.000000000000000000e+00,1.000000000000000222e+00,1.000000000000000222e+00
-3.071779483510019837e+00,1.422419751511372343e-02,1.000000000000000000e+00,-1.000000000000000444e+00,-1.000000000000000444e+00
-3.071779483510019837e+00,6.236628448526876367e-02,9.999999999999990008e-01,9.999999999999992228e-01,9.999999999999992228e-01
-3.071779483510019837e+00,7.187999287312128727e-02,9.999999999999987788e-01,9.999999999999990008e-01,-9.999999999999990008e-01
-3.071779483510019837e+00,1.518795152148572358e-01,1.000000000000000666e+00,-1.000000000000001110e+00,1.000000000000001110e+00
-3.036872898470133197e+00,-9.365905872783006902e-01,9.999977312819696706e-01,9.999999999999997780e-01,9.999999999999997780e-01
-3.036872898470133197e+00,-1.600592132183593919e-01,9.999999999999704681e-01,9.999999999999997780e-01,-9.999999999999997780e-01
-3.036872898470133197e+00,-1.600592132183593641e-01,9.999999999999701350e-01,-9.999999999999995559e-01,9.999999999999995559e-01
-3.036872898470133197e+00,-1.124042068793865978e-01,9.999999999999727995e-01,-1.000000000000000222e+00,-1.000000000000000222e+00
-3.036872898470133197e+00,2.759166382120895739e-02,9.999999999999751310e-01,9.999999999999997780e-01,9.999999999999997780e-01
-3.036872898470133197e+00,4.899766470213560293e-02,9.999999999999742428e-01,9.999999999999997780e-01,9.999999999999997780e-01
-3.036872898470133197e+00,4.899766470213566538e-02,9.999999999999737987e-01,-9.999999999999993339e-01,-9.999999999999993339e-01
-3.036872898470133197e+00,1.066524126205950912e-01,9.999999999999735767e-01,1.000000000000000444e+00,-1.000000000000000444e+00
-3.036872898470133197e+00,1.866499893830309009e-01,9.999999999999690248e-01,-9.999999999999994449e-01,9.999999999999994449e-01
-3.001966313430246558e+00,-9.423858331835148761e-01,9.999748121332433515e-01,1.000000000000000000e+00,1.000000000000000000e+00
-3.001966313430246558e+00,-1.946997446092235406e-01,9.999999999990543120e-01,1.000000000000000666e+00,-1.000000000000000666e+00
-3.001966313430246558e+00,-1.946997446092234296e-01,9.999999999990538679e-01,-1.000000000000000222e+00,1.000000000000000222e+00
-3.001966313430246558e+00,-1.470470209472366507e-01,9.999999999991309174e-01,-9.999999999999996669e-01,-9.999999999999996669e-01
-3.001966313430246558e+00,-7.059980130948245725e-03,9.999999999992678079e-01,1.000000000000001554e+00,1.000000000000001554e+00
-3.001966313430246558e+00,8.364625300036060418e-02,9.999999999992150723e-01,-9.999999999999997780e-01,-9.999999999999997780e-01
-3.001966313430246558e+00,8.364625300036074296e-02,9.999999999992152944e-01,1.000000000000000000e+00,1.000000000000000000e+00
-3.001966313430246558e+00,1.412982046834900529e-01,9.999999999991558974e-01,1.000000000000001110e+00,-1.000000000000001110e+00
-3.001966313430246558e+00,2.212905329694100642e-01,9.999999999990092370e-01,-1.000000000000000000e+00,1.000000000000000000e+00
-2.967059728390360362e+00,-9.489670281991556822e-01,9.998346526235474263e-01,9.999999999999995559e-01,9.999999999999995559e-01
-2.967059728390360362e+00,-2.291661372199516877e-01,9.999999999859776612e-01,1.000000000000000444e+00,-1.000000000000000444e+00
-2.967059728390360362e+00,-2.291661372199508273e-01,9.999999999859768840e-01,-9.999999999999997780e-01,9.999999999999997780e-01
-2.967059728390360362e+00,-1.815182529371854037e-01,9.999999999873572243e-01,-1.000000000000000444e+00,-1.000000000000000444e+00
-2.967059728390360362e+00,-4.154965982123662305e-02,9.999999999899087388e-01,9.999999999999991118e-01,9.999999999999991118e-01
-2.967059728390360362e+00,1.181295967595142604e-01,9.999999999888986579e-01,-9.999999999999995559e-01,-9.999999999999995559e-01
-2.967059728390360362e+00,1.181295967595142882e-01,9.999999999888999902e-01,1.000000000000000666e+00,1.000000000000000666e+00
-2.967059728390360362e+00,1.757757055441268035e-01,9.999999999877793311e-01,9.999999999999995559e-01,-9.999999999999995559e-01
-2.967059728390360362e+00,2.557569512641555409e-01,9.999999999851796328e-01,-9.999999999999994449e-01,9.999999999999994449e-01
-2.932153143350473723e+00,-2.634138213570908493e-01,9.999999998728449357e-01,-1.000000000000001110e+00,1.000000000000001110e+00
-2.932153143350473723e+00,-2.634138213570906828e-01,9.999999998728430484e-01,9.999999999999991118e-01,-9.999999999999991118e-01
-2.932153143350473723e+00,-2.157747805293529497e-01,9.999999998874203877e-01,-9.999999999999994449e-01,-9.999999999999994449e-01
-2.932153143350473723e+00,-7.583940831585155029e-02,9.999999999150239738e-01,1.000000000000000444e+00,1.000000000000000444e+00
-2.932153143350473723e+00,1.524080206440016350e-01,9.999999999038775567e-01,9.999999999999993339e-01,9.999999999999993339e-01
-2.932153143350473723e+00,1.524080206440016627e-01,9.999999999038782228e-01,-9.999999999999997780e-01,-9.999999999999997780e-01
-2.932153143350473723e+00,2.100436057035897364e-01,9.999999998918999156e-01,1.000000000000000222e+00,-1.000000000000000222e+00
-2.932153143350473723e+00,2.900046815973169045e-01,9.999999998643682719e-01,-9.999999999999995559e-01,9.999999999999995559e-01
-2.897246558310587083e+00,-2.973979125386153055e-01,9.999999991787861253e-01,9.999999999999991118e-01,-9.999999999999991118e-01
-2.897246558310587083e+00,-2.973979125386152500e-01,9.999999991787873466e-01,-1.000000000000000444e+00,1.000000000000000444e+00
-2.897246558310587083e+00,-2.497734995614631637e-01,9.999999992860069131e-01,-1.000000000000000444e+00,-1.000000000000000444e+00
-2.897246558310587083e+00,-1.098922784455972218e-01,9.999999994898627342e-01,9.999999999999991118e-01,9.999999999999991118e-01
-2.897246558310587083e+00,1.864425673411101991e-01,9.999999994069959097e-01,9.999999999999995559e-01,9.999999999999995559e-01
-2.897246558310587083e+00,1.864425673411103379e-01,9.999999994069964648e-01,-1.000000000000000000e+00,-1.000000000000000000e+00
-2.897246558310587083e+00,2.440609947753094866e-01,9.999999993188488645e-01,9.999999999999998890e-01,-9.999999999999998890e-01
-2.897246558310587083e+00,3.239888468959218892e-01,9.999999991158784463e-01,-1.000000000000000444e+00,1.000000000000000444e+00
-2.862339973270700444e+00,-3.310732691706618769e-01,9.999999958644427700e-01,-1.000000000000001332e+00,1.000000000000001332e+00
-2.862339973270700444e+00,-3.310732691706613773e-01,9.999999958644405496e-01,9.999999999999991118e-01,-9.999999999999991118e-01
-2.862339973270700444e+00,-2.834713830338175256e-01,9.999999964688445209e-01,-1.000000000000000666e+00,-1.000000000000000666e+00
-2.862339973270700444e+00,-1.436723403394833676e-01,9.999999976097859733e-01,1.000000000000000444e+00,1.000000000000000444e+00
-2.862339973270700444e+00,2.201950230941904230e-01,9.999999971461865922e-01,-9.999999999999997780e-01,-9.999999999999997780e-01
-2.862339973270700444e+00,2.201950230941906450e-01,9.999999971461863701e-01,9.999999999999997780e-01,9.999999999999997780e-01
-2.862339973270700444e+00,2.777874047021047232e-01,9.999999966527671758e-01,9.999999999999997780e-01,-9.999999999999997780e-01
-2.862339973270700444e+00,3.576643117674682681e-01,9.999999955059073464e-01,-1.000000000000000222e+00,1.000000000000000222e+00
-2.827433388230813804e+00,-3.643945534586635060e-01,9.999999827836156818e-01,-9.999999999999984457e-01,9.999999999999984457e-01
-2.827433388230813804e+00,-3.643945534586623958e-01,9.999999827836172361e-01,1.000000000000000000e+00,-1.000000000000000000e+00
-2.827433388230813804e+00,-3.168255425815235116e-01,9.999999855621564127e-01,-1.000000000000000444e+00,-1.000000000000000444e+00
-2.827433388230813804e+00,-1.771446778196645866e-01,9.999999907328054327e-01,1.000000000000001110e+00,1.000000000000001110e+00
-2.827433388230813804e+00,2.536279412433690150e-01,9.999999886414885353e-01,-1.000000000000000444e+00,-1.000000000000000444e+00
-2.827433388230813804e+00,2.536279412433692371e-01,9.999999886414880912e-01,1.000000000000000000e+00,1.000000000000000000e+00
-2.827433388230813804e+00,3.111828507864424220e-01,9.999999863998477734e-01,9.999999999999998890e-01,-9.999999999999998890e-01
-2.827433388230813804e+00,3.909857406616044639e-01,9.999999811148518880e-01,-9.999999999999998890e-01,9.999999999999998890e-01
-2.792526803190927165e+00,-3.973162955065038249e-01,9.999999383411102283e-01,9.999999999999984457e-01,-9.999999999999984457e-01
-2.792526803190927165e+00,-3.973162955065036583e-01,9.999999383411115605e-01,-9.999999999999997780e-01,9.999999999999997780e-01
-2.792526803190927165e+00,-3.497932927879494058e-01,9.999999492104874044e-01,-1.000000000000000222e+00,-1.000000000000000222e+00
-2.792526803190927165e+00,-2.102753841023151382e-01,9.999999690567904498e-01,1.000000000000000888e+00,1.000000000000000888e+00
-2.792526803190927165e+00,2.867046639314052570e-01,9.999999610876217915e-01,1.000000000000000000e+00,1.000000000000000000e+00
-2.792526803190927165e+00,2.867046639314055900e-01,9.999999610876221245e-01,-1.000000000000000444e+00,-1.000000000000000444e+00
-2.792526803190927165e+00,3.442078701849115574e-01,9.999999524495185588e-01,9.999999999999997780e-01,-9.999999999999997780e-01
-2.792526803190927165e+00,4.239076575102179167e-01,9.999999317240875207e-01,-9.999999999999998890e-01,9.999999999999998890e-01
-2.757620218151040525e+00,-4.297929606010842951e-01,9.999998045473409425e-01,-1.000000000000000666e+00,1.000000000000000666e+00
-2.757620218151040525e+00,-4.297929606010839620e-01,9.999998045473408315e-01,1.000000000000000444e+00,-1.000000000000000444e+00
-2.757620218151040525e+00,-3.823322187822133511e-01,9.999998418446113257e-01,-9.999999999999995559e-01,-9.999999999999995559e-01
-2.757620218151040525e+00,-2.430315572185335338e-01,9.999999084494827217e-01,1.000000000000001998e+00,1.000000000000001998e+00
-2.757620218151040525e+00,3.193893420901954272e-01,9.999998819414972484e-01,1.000000000000000000e+00,1.000000000000000000e+00
-2.757620218151040525e+00,3.193893420901954272e-01,9.999998819414973594e-01,-1.000000000000000222e+00,-1.000000000000000222e+00
-2.757620218151040525e+00,3.768235574737358595e-01,9.999998528066043058e-01,9.999999999999997780e-01,-9.999999999999997780e-01
-2.757620218151040525e+00,4.563845060654511121e-01,9.999997815080824415e-01,-9.999999999999997780e-01,9.999999999999997780e-01
-2.722713633111153886e+00,-4.617790197843809619e-01,9.999994399968479275e-01,9.999999999999990008e-01,-9.999999999999990008e-01
-2.722713633111153886e+00,-4.617790197843806288e-01,9.999994399968485936e-01,-9.999999999999995559e-01,9.999999999999995559e-01
-2.722713633111153886e+00,-4.144002476431052351e-01,9.999995548073095097e-01,-9.999999999999998890e-01,-9.999999999999998890e-01
-2.722713633111153886e+00,-2.753812955424053133e-01,9.999997548841534911e-01,9.999999999999988898e-01,9.999999999999988898e-01
-2.722713633111153886e+00,3.516469537615734553e-01,9.999996760425492459e-01,9.999999999999996669e-01,9.999999999999996669e-01
-2.722713633111153886e+00,3.516469537615736773e-01,9.999996760425493569e-01,-9.999999999999996669e-01,-9.999999999999996669e-01
-2.722713633111153886e+00,4.089915968371851118e-01,9.999995880165869488e-01,1.000000000000000222e+00,-1.000000000000000222e+00
-2.722713633111153886e+00,4.883707099329585022e-01,9.999993679614597175e-01,-1.000000000000000222e+00,1.000000000000000222e+00
-2.687807048071267246e+00,-4.932290240018592509e-01,9.999985264787158989e-01,1.000000000000000222e+00,-1.000000000000000222e+00
-2.687807048071267246e+00,-4.932290240018591398e-01,9.999985264787158989e-01,-1.000000000000000444e+00,1.000000000000000444e+00
-2.687807048071267246e+00,-4.459557242256196319e-01,9.999988489769775502e-01,-9.999999999999997780e-01,-9.999999999999997780e-01
-2.687807048071267246e+00,-3.072936937916724287e-01,9.999993965572733234e-01,1.000000000000000000e+00,1.000000000000000000e+00
-2.687807048071267246e+00,3.834433207230173446e-01,9.999991830383664349e-01,-1.000000000000000444e+00,-1.000000000000000444e+00
-2.687807048071267246e+00,3.834433207230174001e-01,9.999991830383658797e-01,9.999999999999997780e-01,9.999999999999997780e-01
-2.687807048071267246e+00,4.406742903599064620e-01,9.999989405749605265e-01,1.000000000000000222e+00,-1.000000000000000222e+00
-2.687807048071267246e+00,5.198207310196125697e-01,9.999983207392896256e-01,-9.999999999999995559e-01,9.999999999999995559e-01
-2.652900463031381051e+00,-5.240976824032634873e-01,9.999963949680354958e-01,1.000000000000000222e+00,-1.000000000000000222e+00
-2.652900463031381051e+00,-5.240976824032632653e-01,9.999963949680348296e-01,-9.999999999999995559e-01,9.999999999999995559e-01
-2.652900463031381051e+00,-4.769574921350365759e-01,9.999972326498276498e-01,-9.999999999999992228e-01,-9.999999999999992228e-01
-2.652900463031381051e+00,-3.387388398500491005e-01,9.999986169161109162e-01,1.000000000000000666e+00,1.000000000000000666e+00
-2.652900463031381051e+00,4.147451232850253855e-01,9.999980829370783697e-01,9.999999999999996669e-01,9.999999999999996669e-01
-2.652900463031381051e+00,4.147451232850254410e-01,9.999980829370782587e-01,-9.999999999999996669e-01,-9.999999999999996669e-01
-2.652900463031381051e+00,4.718345818139862424e-01,9.999974656945369578e-01,9.999999999999991118e-01,-9.999999999999991118e-01
-2.652900463031381051e+00,5.506891247672590639e-01,9.999958509881353708e-01,-9.999999999999997780e-01,9.999999999999997780e-01
-2.617993877991494411e+00,-5.543399457691924326e-01,9.999917186576510186e-01,-1.000000000000000888e+00,1.000000000000000888e+00
-2.617993877991494411e+00,-5.543399457691924326e-01,9.999917186576494643e-01,9.999999999999995559e-01,-9.999999999999995559e-01
-2.617993877991494411e+00,-5.073649806931563866e-01,9.999937519946161535e-01,-9.999999999999997780e-01,-9.999999999999997780e-01
-2.617993877991494411e+00,-3.696878127482285947e-01,9.999970195349576763e-01,9.999999999999996669e-01,9.999999999999996669e-01
-2.617993877991494411e+00,4.455199130054037782e-01,9.999957726013783965e-01,1.000000000000000222e+00,1.000000000000000222e+00
-2.617993877991494411e+00,4.455199130054038892e-01,9.999957726013780634e-01,-9.999999999999998890e-01,-9.999999999999998890e-01
-2.617993877991494411e+00,5.024360752211507464e-01,9.999943045222241533e-01,1.000000000000000000e+00,-1.000000000000000000e+00
-2.617993877991494411e+00,5.809305901175702003e-01,9.999903728908444700e-01,-9.999999999999996669e-01,9.999999999999996669e-01
-2.583087292951607772e+00,-5.839110965372149575e-01,9.999819965956533441e-01,-1.000000000000000000e+00,1.000000000000000000e+00
-2.583087292951607772e+00,-5.839110965372148465e-01,9.999819965956533441e-01,1.000000000000000000e+00,-1.000000000000000000e+00
-2.583087292951607772e+00,-5.371382988607305009e-01,9.999866482469298434e-01,-9.999999999999996669e-01,-9.999999999999996669e-01
-2.583087292951607772e+00,-4.001126821303485626e-01,9.999939132121882235e-01,9.999999999999990008e-01,9.999999999999990008e-01
-2.583087292951607772e+00,4.757361229328743168e-01,9.999911699092821626e-01,1.000000000000000000e+00,1.000000000000000000e+00
-2.583087292951607772e+00,4.757361229328743168e-01,9.999911699092819406e-01,-9.999999999999998890e-01,-9.999999999999998890e-01
-2.583087292951607772e+00,5.324430473428579669e-01,9.999878788924390083e-01,9.999999999999994449e-01,-9.999999999999994449e-01
-2.583087292951607772e+00,6.105000116466483551e-01,9.999788543424720233e-01,-9.999999999999998890e-01,9.999999999999998890e-01
-2.548180707911721132e+00,-6.127668474700070922e-01,9.999627208087848995e-01,-9.999999999999994449e-01,9.999999999999994449e-01
-2.548180707911721132e+00,-6.127668474700068701e-01,9.999627208087848995e-01,9.999999999999994449e-01,-9.999999999999994449e-01
-2.548180707911721132e+00,-5.662383371798137555e-01,9.999728201262420013e-01,-1.000000000000000000e+00,-1.000000000000000000e+00
-2.548180707911721132e+00,-4.299865095207421328e-01,9.999881429164926283e-01,9.999999999999994449e-01,9.999999999999994449e-01
-2.548180707911721132e+00,5.053630748587796262e-01,9.999824151671335981e-01,1.000000000000000888e+00,1.000000000000000888e+00
-2.548180707911721132e+00,5.053630748587796262e-01,9.999824151671323769e-01,-9.999999999999997780e-01,-9.999999999999997780e-01
-2.548180707911721132e+00,5.618204531130245316e-01,9.999754116429766526e-01,9.999999999999997780e-01,-9.999999999999997780e-01
-2.548180707911721132e+00,6.393524907317528205e-01,9.999557463790899048e-01,-9.999999999999995559e-01,9.999999999999995559e-01
-2.513274122871834493e+00,-6.408634515714877189e-01,9.999260824076550147e-01,-1.000000000000000222e+00,1.000000000000000222e+00
-2.513274122871834493e+00,-6.408634515714876079e-01,9.999260824076545706e-01,9.999999999999998890e-01,-9.999999999999998890e-01
-2.513274122871834493e+00,-5.946268788516558823e-01,9.999470123279957656e-01,-1.000000000000000222e+00,-1.000000000000000222e+00
-2.513274122871834493e+00,-4.592833516880368561e-01,9.999778494236772897e-01,1.000000000000000444e+00,1.000000000000000444e+00
-2.513274122871834493e+00,5.343709829358741503e-01,9.999664312683271827e-01,1.000000000000000222e+00,1.000000000000000222e+00
-2.513274122871834493e+00,5.343709829358741503e-01,9.999664312683265166e-01,-9.999999999999995559e-01,-9.999999999999995559e-01
-2.513274122871834493e+00,5.905339228898409676e-01,9.999521980645764696e-01,1.000000000000000000e+00,-1.000000000000000000e+00
-2.513274122871834493e+00,6.674433619865988154e-01,9.999112781600156818e-01,-9.999999999999995559e-01,9.999999999999995559e-01
-2.478367537831947853e+00,-6.681578262921031852e-01,9.998590286732536025e-01,-1.000000000000000000e+00,1.000000000000000000e+00
-2.478367537831947853e+00,-6.681578262921031852e-01,9.998590286732529364e-01,9.999999999999993339e-01,-9.999999999999993339e-01
-2.478367537831947853e+00,-6.222667210360871559e-01,9.999006325251414973e-01,-9.999999999999996669e-01,-9.999999999999996669e-01
-2.478367537831947853e+00,-4.879782663758454042e-01,9.999601378257131357e-01,9.999999999999996669e-01,9.999999999999996669e-01
-2.478367537831947853e+00,5.627309529363810903e-01,9.999382952095823285e-01,9.999999999999997780e-01,9.999999999999997780e-01
-2.478367537831947853e+00,5.627309529363810903e-01,9.999382952095833277e-01,-1.000000000000000888e+00,-1.000000000000000888e+00
-2.478367537831947853e+00,6.185497502755108457e-01,9.999105318151049193e-01,9.999999999999998890e-01,-9.999999999999998890e-01
-2.478367537831947853e+00,6.947281905483227993e-01,9.998288220660456194e-01,-1.000000000000000000e+00,1.000000000000000000e+00
-2.443460952792061214e+00,-6.946076951929270882e-01,9.997404349915668398e-01,-9.999999999999995559e-01,9.999999999999995559e-01
-2.443460952792061214e+00,-6.946076951929268661e-01,9.997404349915677280e-01,1.000000000000000000e+00,-1.000000000000000000e+00
-2.443460952792061214e+00,-6.491218073128357524e-01,9.998200819815203921e-01,-9.999999999999990008e-01,-9.999999999999990008e-01
-2.443460952792061214e+00,-5.160473206280625780e-01,9.999306327660181237e-01,9.999999999999998890e-01,9.999999999999998890e-01
-2.443460952792061214e+00,5.904149763904870118e-01,9.998903641308023449e-01,-1.000000000000000444e+00,-1.000000000000000444e+00
-2.443460952792061214e+00,5.904149763904871229e-01,9.998903641308014567e-01,9.999999999999995559e-01,9.999999999999995559e-01
-2.443460952792061214e+00,6.458348691432832522e-01,9.998381620542556858e-01,9.999999999999993339e-01,-9.999999999999993339e-01
-2.443460952792061214e+00,7.211627451243893816e-01,9.996809263788586364e-01,-1.000000000000000444e+00,1.000000000000000444e+00
-2.408554367752174574e+00,-7.201717498315856059e-01,9.995371052342618690e-01,-1.000000000000000000e+00,1.000000000000000000e+00
-2.408554367752174574e+00,-7.201717498315844956e-01,9.995371052342708618e-01,1.000000000000001332e+00,-1.000000000000001332e+00
-2.408554367752174574e+00,-6.751573719576274835e-01,9.996844713321642040e-01,-9.999999999999997780e-01,-9.999999999999997780e-01
-2.408554367752174574e+00,-5.434676018800665975e-01,9.998828964967961808e-01,9.999999999999995559e-01,9.999999999999995559e-01
-2.408554367752174574e+00,6.173959188968561884e-01,9.998110893212470707e-01,-9.999999999999997780e-01,-9.999999999999997780e-01
-2.408554367752174574e+00,6.173959188968564105e-01,9.998110893212480699e-01,1.000000000000000444e+00,1.000000000000000444e+00
-2.408554367752174574e+00,6.723568184181971663e-01,9.997161267876880641e-01,9.999999999999992228e-01,-9.999999999999992228e-01
-2.408554367752174574e+00,7.467029409708444421e-01,9.994234728424099545e-01,-1.000000000000000000e+00,1.000000000000000000e+00
-2.373647782712287935e+00,-7.448098334370771845e-01,9.991982653263136172e-01,1.000000000000001332e+00,-1.000000000000001332e+00
-2.373647782712287935e+00,-7.448098334370746310e-01,9.991982653262294622e-01,-1.000000000000000000e+00,1.000000000000000000e+00
-2.373647782712287935e+00,-7.003400962477404068e-01,9.994625868870408159e-01,-9.999999999999981126e-01,-9.999999999999981126e-01
-2.373647782712287935e+00,-5.702172319153990809e-01,9.998076849318278114e-01,9.999999999999986677e-01,9.999999999999986677e-01
-2.373647782712287935e+00,6.436475020548071413e-01,9.996834419806270855e-01,-1.000000000000001332e+00,-1.000000000000001332e+00
-2.373647782712287935e+00,6.436475020548072523e-01,9.996834419806274186e-01,1.000000000000000444e+00,1.000000000000000444e+00
-2.373647782712287935e+00,6.980836930638655291e-01,9.995157690697049624e-01,1.000000000000001110e+00,-1.000000000000001110e+00
-2.373647782712287935e+00,7.713047460497597374e-01,9.989872302746714006e-01,-9.999999999999995559e-01,9.999999999999995559e-01
-2.338741197672401739e+00,-7.684831457295786539e-01,9.986481718024335930e-01,9.999999999999997780e-01,-9.999999999999997780e-01
-2.338741197672401739e+00,-7.684831457295517865e-01,9.986481718016342324e-01,-9.999999999999991118e-01,9.999999999999991118e-01
-2.338741197672401739e+00,-7.246382764398744403e-01,9.991089782892820237e-01,-1.000000000000000666e+00,-1.000000000000000666e+00
-2.338741197672401739e+00,-5.962753837035114080e-01,9.996920170684735485e-01,9.999999999999996669e-01,9.999999999999996669e-01
-2.338741197672401739e+00,6.691442787574928275e-01,9.994828653489844505e-01,-9.999999999999991118e-01,-9.999999999999991118e-01
-2.338741197672401739e+00,6.691442787574929385e-01,9.994828653489967740e-01,9.999999999999994449e-01,9.999999999999994449e-01
-2.338741197672401739e+00,7.229840795932290787e-01,9.991946956208345165e-01,9.999999999999996669e-01,-9.999999999999996669e-01
-2.338741197672401739e+00,7.949240422614171075e-01,9.982658229255958471e-01,-9.999999999999995559e-01,9.999999999999995559e-01
-2.303834612632514656e+00,-7.911544649122425055e-01,9.977764255672033622e-01,1.000000000000000444e+00,-1.000000000000000444e+00
-2.303834612632514656e+00,-7.911544649120236805e-01,9.977764255603481791e-01,-9.999999999999997780e-01,9.999999999999997780e-01
-2.303834612632514656e+00,-7.480220024018646718e-01,9.985590602423156659e-01,-9.999999999999993339e-01,-9.999999999999993339e-01
-2.303834612632514656e+00,-6.216223010438099994e-01,9.995180347712926405e-01,1.000000000000000444e+00,1.000000000000000444e+00
-2.303834612632514656e+00,6.938616020239284365e-01,9.991746596014603465e-01,-1.000000000000000888e+00,-1.000000000000000888e+00
-2.303834612632514656e+00,6.938616020239317672e-01,9.991746596015498305e-01,9.999999999999988898e-01,9.999999999999988898e-01
-2.303834612632514656e+00,7.470269741840498412e-01,9.986913782776346560e-01,1.000000000000000888e+00,-1.000000000000000888e+00
-2.303834612632514656e+00,8.175164315142753324e-01,9.970987822806279821e-01,-9.999999999999994449e-01,9.999999999999994449e-01
-2.268928027592628460e+00,-8.127883785760889879e-01,9.964255678217233125e-01,1.000000000000000222e+00,-1.000000000000000222e+00
-2.268928027592628460e+00,-8.127883785744978162e-01,9.964255677690421198e-01,-1.000000000000000222e+00,1.000000000000000222e+00
-2.268928027592628460e+00,-7.704633451880325001e-01,9.977231637347184767e-01,-9.999999999999995559e-01,-9.999999999999995559e-01
-2.268928027592628460e+00,-6.462393208521129973e-01,9.992616332297797888e-01,1.000000000000000222e+00,1.000000000000000222e+00
-2.268928027592628460e+00,7.177755881392178239e-01,9.987106991803689215e-01,-9.999999999999995559e-01,-9.999999999999995559e-01
-2.268928027592628460e+00,7.177755881392424708e-01,9.987106991809975298e-01,9.999999999999983347e-01,9.999999999999983347e-01
-2.268928027592628460e+00,7.701816810623276499e-01,9.979180228346801185e-01,9.999999999999996669e-01,-9.999999999999996669e-01
-2.268928027592628460e+00,8.390369731366240647e-01,9.952478594030577108e-01,-9.999999999999993339e-01,9.999999999999993339e-01
-2.234021442552741821e+00,-8.333515106294773211e-01,9.943755515364652853e-01,9.999999999999993339e-01,-9.999999999999993339e-01
-2.234021442552741821e+00,-8.333515106190330091e-01,9.943755511718503914e-01,-9.999999999999990008e-01,9.999999999999990008e-01
-2.234021442552741821e+00,-7.919365511707674443e-01,9.964795385753331125e-01,-9.999999999999981126e-01,-9.999999999999981126e-01
-2.234021442552741821e+00,-6.701088978463486390e-01,9.988908476641795708e-01,1.000000000000000000e+00,1.000000000000000000e+00
-2.234021442552741821e+00,7.408630755992884342e-01,9.980253775569782881e-01,-1.000000000000001998e+00,-1.000000000000001998e+00
-2.234021442552741821e+00,7.408630755994455308e-01,9.980253775609362332e-01,9.999999999999997780e-01,9.999999999999997780e-01
-2.234021442552741821e+00,7.924176881526144856e-01,9.967512312516301209e-01,9.999999999999990008e-01,-9.999999999999990008e-01
-2.234021442552741821e+00,8.594398347754992340e-01,9.923640906503663484e-01,-9.999999999999990008e-01,9.999999999999990008e-01
-2.199114857512855181e+00,-8.528127276735393281e-01,9.913247518207266573e-01,1.000000000000001110e+00,-1.000000000000001110e+00
-2.199114857512855181e+00,-8.528127276114708666e-01,9.913247495381882768e-01,-9.999999999999994449e-01,9.999999999999994449e-01
-2.199114857512855181e+00,-8.124182396584316290e-01,9.946663983854933111e-01,-9.999999999999993339e-01,-9.999999999999993339e-01
-2.199114857512855181e+00,-6.932146313255103109e-01,9.983639892084965606e-01,9.999999999999982236e-01,9.999999999999982236e-01
-2.199114857512855181e+00,7.631015821673412525e-01,9.970306721875492606e-01,-9.999999999999997780e-01,-9.999999999999997780e-01
-2.199114857512855181e+00,7.631015821682108902e-01,9.970306722104027575e-01,9.999999999999993339e-01,9.999999999999993339e-01
-2.199114857512855181e+00,8.137045160859502912e-01,9.950198555512470566e-01,1.000000000000000222e+00,-1.000000000000000222e+00
-2.199114857512855181e+00,8.786778347846189163e-01,9.879422106972820528e-01,-1.000000000000000666e+00,1.000000000000000666e+00
-2.164208272472968542e+00,-8.711433076689655275e-01,9.868673585627443234e-01,1.000000000000000000e+00,-1.000000000000000000e+00
-2.164208272472968542e+00,-8.711433073340987265e-01,9.868673455963306029e-01,-1.000000000000000666e+00,1.000000000000000666e+00
-2.164208272472968542e+00,-8.318876000937163173e-01,9.920732045168210167e-01,-9.999999999999993339e-01,-9.999999999999993339e-01
-2.164208272472968542e+00,-7.155412936920317879e-01,9.976275323497784120e-01,1.000000000000000888e+00,1.000000000000000888e+00
-2.164208272472968542e+00,7.844692631421600337e-01,9.956102225728499233e-01,-9.999999999999985567e-01,-9.999999999999985567e-01
-2.164208272472968542e+00,7.844692631465806087e-01,9.956102226945275913e-01,1.000000000000000444e+00,1.000000000000000444e+00
-2.164208272472968542e+00,8.340115356931688817e-01,9.924892821195611115e-01,9.999999999999994449e-01,-9.999999999999994449e-01
-2.164208272472968542e+00,8.967018548989474924e-01,9.812580347063556419e-01,-9.999999999999995559e-01,9.999999999999995559e-01
-2.129301687433081902e+00,-8.883170595495495370e-01,9.804674187134330143e-01,1.000000000000000888e+00,-1.000000000000000888e+00
-2.129301687433081902e+00,-8.883170579049601834e-01,9.804673517332920252e-01,-1.000000000000000000e+00,1.000000000000000000e+00
-2.129301687433081902e+00,-8.503265836081097540e-01,9.884314907528179983e-01,-9.999999999999997780e-01,-9.999999999999997780e-01
-2.129301687433081902e+00,-7.370748603361738649e-01,9.966137676133072221e-01,9.999999999999994449e-01,9.999999999999994449e-01
-2.129301687433081902e+00,8.049448745402859595e-01,9.936123156233922504e-01,-9.999999999999997780e-01,-9.999999999999997780e-01
-2.129301687433081902e+00,8.049448745610978673e-01,9.936123162236685236e-01,1.000000000000000000e+00,1.000000000000000000e+00
-2.129301687433081902e+00,8.533077486853779536e-01,9.888412048672654553e-01,1.000000000000000666e+00,-1.000000000000000666e+00
-2.129301687433081902e+00,9.134601208740911193e-01,9.712841324406719101e-01,-9.999999999999998890e-01,9.999999999999998890e-01
-2.094395102393195707e+00,-9.043103993101609950e-01,9.714307722245989485e-01,9.999999999999997780e-01,-9.999999999999997780e-01
-2.094395102393195707e+00,-9.043103919452954997e-01,9.714304573496133077e-01,-1.000000000000000000e+00,1.000000000000000000e+00
-2.094395102393195707e+00,-8.677200814143731789e-01,9.834056112896782942e-01,-9.999999999999995559e-01,-9.999999999999995559e-01
-2.094395102393195707e+00,-7.578025404636280493e-01,9.952382457813475636e-01,9.999999999999991118e-01,9.999999999999991118e-01
-2.094395102393195707e+00,8.245077450388181850e-01,9.908416716930326107e-01,-1.000000000000001110e+00,-1.000000000000001110e+00
-2.094395102393195707e+00,8.245077451299662741e-01,9.908416744472696713e-01,1.000000000000000000e+00,1.000000000000000000e+00
-2.094395102393195707e+00,8.715615277522171800e-01,9.836477992791404779e-01,1.000000000000000666e+00,-1.000000000000000666e+00
-2.094395102393195707e+00,9.288974197910052633e-01,9.565822054906385485e-01,-1.000000000000000666e+00,1.000000000000000666e+00
-2.059488517353308623e+00,-9.191024230443506360e-01,9.588783486047478544e-01,1.000000000000000222e+00,-1.000000000000000222e+00
-2.059488517353308623e+00,-9.191023929487069921e-01,9.588770025106951866e-01,-1.000000000000000222e+00,1.000000000000000222e+00
-2.059488517353308623e+00,-8.840560788123380531e-01,9.765838277420714197e-01,-1.000000000000000444e+00,-1.000000000000000444e+00
-2.059488517353308623e+00,-7.777128083705817652e-01,9.933970528035288572e-01,1.000000000000000444e+00,1.000000000000000444e+00
-2.059488517353308623e+00,8.431377598492455494e-01,9.870499158320690247e-01,-1.000000000000000444e+00,-1.000000000000000444e+00
-2.059488517353308623e+00,8.431377602217385858e-01,9.870499276206792238e-01,9.999999999999995559e-01,9.999999999999995559e-01
-2.059488517353308623e+00,8.887403188929987596e-01,9.763392691609272811e-01,9.999999999999995559e-01,-9.999999999999995559e-01
-2.059488517353308623e+00,9.429545325524806287e-01,9.351856121341518557e-01,-1.000000000000000666e+00,1.000000000000000666e+00
-2.024581932313422428e+00,-9.326750826824344864e-01,9.417292646956101354e-01,1.000000000000000888e+00,-1.000000000000000888e+00
-2.024581932313422428e+00,-9.326749705132639789e-01,9.417240452907742476e-01,-9.999999999999991118e-01,9.999999999999991118e-01
-2.024581932313422428e+00,-8.993257687643559928e-01,9.674701584799387799e-01,-9.999999999999991118e-01,-9.999999999999991118e-01
-2.024581932313422428e+00,-7.967954345057163268e-01,9.909639662136510152e-01,9.999999999999986677e-01,9.999999999999986677e-01
-2.024581932313422428e+00,8.608153577893892239e-01,9.819245962509766112e-01,-9.999999999999997780e-01,-9.999999999999997780e-01
-2.024581932313422428e+00,8.608153592134378806e-01,9.819246434294295334e-01,1.000000000000000222e+00,1.000000000000000222e+00
-2.024581932313422428e+00,9.048103271203914444e-01,9.661644839037877297e-01,9.999999999999998890e-01,-9.999999999999998890e-01
-1.989675347273535566e+00,-9.450136894646871122e-01,9.187128328261192634e-01,1.000000000000000888e+00,-1.000000000000000888e+00
-1.989675347273535566e+00,-9.450133088570974449e-01,9.186945683097762494e-01,-1.000000000000000444e+00,1.000000000000000444e+00
-1.989675347273535566e+00,-9.135236057031876911e-01,9.554775742455351439e-01,-1.000000000000000444e+00,-1.000000000000000444e+00
-1.989675347273535566e+00,-8.150415153491840092e-01,9.877875525741973695e-01,9.999999999999998890e-01,9.999999999999998890e-01
-1.989675347273535566e+00,8.775215394852765582e-01,9.750765837551538251e-01,-9.999999999999984457e-01,-9.999999999999984457e-01
-1.989675347273535566e+00,8.775215445883729481e-01,9.750767605794162796e-01,9.999999999999998890e-01,9.999999999999998890e-01
-1.989675347273535566e+00,9.197362513394901073e-01,9.521471030187333984e-01,1.000000000000000222e+00,-1.000000000000000222e+00
-1.954768762233648927e+00,-9.266472865164182560e-01,9.399240113323203971e-01,-9.999999999999996669e-01,-9.999999999999996669e-01
-1.954768762233648927e+00,-8.324435006404906634e-01,9.836882701290710074e-01,1.000000000000000000e+00,1.000000000000000000e+00
-1.954768762233648927e+00,8.932378805657595899e-01,9.660257192473792331e-01,-1.000000000000000000e+00,-1.000000000000000000e+00
-1.954768762233648927e+00,8.932378977312903645e-01,9.660263404169040502e-01,1.000000000000000000e+00,1.000000000000000000e+00
-1.954768762233648927e+00,9.334812368875002875e-01,9.330471915334689337e-01,1.000000000000000666e+00,-1.000000000000000666e+00
-1.919862177193762509e+00,-9.386976794416552750e-01,9.200356206574311635e-01,-9.999999999999997780e-01,-9.999999999999997780e-01
-1.919862177193762509e+00,-8.489952158168686536e-01,9.784556433853318635e-01,1.000000000000001110e+00,1.000000000000001110e+00
-1.919862177193762509e+00,9.079465422109720407e-01,9.541849179318584451e-01,-9.999999999999995559e-01,-9.999999999999995559e-01
-1.919862177193762509e+00,9.079465964522287491e-01,9.541869629636365868e-01,9.999999999999995559e-01,9.999999999999995559e-01
-1.919862177193762509e+00,9.460074380671522620e-01,9.073570745196641862e-01,9.999999999999986677e-01,-9.999999999999986677e-01
-1.884955592153875870e+00,-9.496788135584055546e-01,8.949689555153398368e-01,-1.000000000000000000e+00,-1.000000000000000000e+00
-1.884955592153875870e+00,-8.646918768549112233e-01,9.718455870901728799e-01,9.999999999999992228e-01,9.999999999999992228e-01
-1.884955592153875870e+00,9.216302818817617704e-01,9.388442807774930454e-01,-1.000000000000000222e+00,-1.000000000000000222e+00
-1.884955592153875870e+00,9.216304428975484742e-01,9.388505826379835995e-01,9.999999999999997780e-01,9.999999999999997780e-01
-1.850049007113989230e+00,-8.795300945498999434e-01,9.635780053113903731e-01,1.000000000000000222e+00,1.000000000000000222e+00
-1.850049007113989230e+00,9.342725107411242735e-01,9.191607011533828864e-01,-9.999999999999991118e-01,-9.999999999999991118e-01
-1.850049007113989230e+00,9.342729593969464341e-01,9.191788287193072282e-01,9.999999999999995559e-01,9.999999999999995559e-01
-1.815142422074102591e+00,-8.935078667443127065e-01,9.533349433115063665e-01,9.999999999999996669e-01,9.999999999999996669e-01
-1.815142422074102591e+00,9.458575597305374227e-01,8.941678761466472780e-01,-1.000000000000000666e+00,-1.000000000000000666e+00
-1.815142422074102591e+00,9.458587309710210222e-01,8.942163281898575233e-01,1.000000000000000222e+00,1.000000000000000222e+00
-1.780235837034216173e+00,-9.066245622433443119e-01,9.407599533725463647e-01,1.000000000000000444e+00,1.000000000000000444e+00
-1.745329251994329534e+00,-9.188809125306385273e-01,9.254601586847850392e-01,1.000000000000000444e+00,1.000000000000000444e+00
-1.710422666954442894e+00,-9.302790513491866475e-01,9.070140216553911339e-01,1.000000000000000222e+00,1.000000000000000222e+00
-1.675516081914556255e+00,-9.408226813198166116e-01,8.849901845484822172e-01,9.999999999999997780e-01,9.999999999999997780e-01
1.745329251994329312e+00,-9.455612448573155193e-01,8.839569210730594540e-01,-9.999999999999993339e-01,9.999999999999993339e-01
1.780235837034216395e+00,-9.350084068467033882e-01,9.077703525177498456e-01,-9.999999999999997780e-01,9.999999999999997780e-01
1.815142422074102591e+00,-9.235349815533662188e-01,9.274207273587635747e-01,-1.000000000000000666e+00,1.000000000000000666e+00
1.815142422074102591e+00,9.458576640129349178e-01,8.941721900141161861e-01,1.000000000000000222e+00,-1.000000000000000222e+00
1.815142422074102591e+00,9.458583745562481049e-01,8.942015836946770602e-01,-9.999999999999995559e-01,9.999999999999995559e-01
1.850049007113989674e+00,-9.111369930289181518e-01,9.434543828463901605e-01,-9.999999999999995559e-01,9.999999999999995559e-01
1.850049007113989674e+00,9.342725505521503049e-01,9.191623097474801440e-01,9.999999999999997780e-01,-9.999999999999997780e-01
1.850049007113989674e+00,9.342728225152630017e-01,9.191732982880438385e-01,-1.000000000000000444e+00,1.000000000000000444e+00
1.884955592153875870e+00,-9.445052730570572264e-01,9.053330714175064076e-01,9.999999999999995559e-01,-9.999999999999995559e-01
1.884955592153875870e+00,-8.978124186377298699e-01,9.563994365305642509e-01,-9.999999999999992228e-01,9.999999999999992228e-01
1.884955592153875870e+00,9.216302961189749565e-01,9.388448380322327314e-01,1.000000000000000222e+00,-1.000000000000000222e+00
1.884955592153875870e+00,9.216303936407642672e-01,9.388486549131433989e-01,-1.000000000000000666e+00,1.000000000000000666e+00
1.919862177193762953e+00,-9.331116214451607993e-01,9.279408264583295374e-01,1.000000000000000222e+00,-1.000000000000000222e+00
1.919862177193762953e+00,-8.835610271178095942e-01,9.667416800476870131e-01,-9.999999999999995559e-01,9.999999999999995559e-01
1.919862177193762953e+00,9.079465469895483531e-01,9.541850981101012152e-01,9.999999999999995559e-01,-9.999999999999995559e-01
1.919862177193762953e+00,9.079465798130271770e-01,9.541863356602298119e-01,-9.999999999999994449e-01,9.999999999999994449e-01
1.919862177193762953e+00,9.402633725249308627e-01,9.179457501054515411e-01,-1.000000000000000666e+00,-1.000000000000000666e+00
1.954768762233649149e+00,-9.206653985191404210e-01,9.458552205384131994e-01,1.000000000000000222e+00,-1.000000000000000222e+00
1.954768762233649149e+00,-8.683843656297404179e-01,9.749158719374719784e-01,-9.999999999999995559e-01,9.999999999999995559e-01
1.954768762233649149e+00,8.932378820723149149e-01,9.660257737695258085e-01,9.999999999999996669e-01,-9.999999999999996669e-01
1.954768762233649149e+00,8.932378924504379425e-01,9.660261493302115809e-01,-1.000000000000000000e+00,1.000000000000000000e+00
1.954768762233649149e+00,9.272933840891393054e-01,9.405616801164297103e-01,-1.000000000000000222e+00,-1.000000000000000222e+00
1.989675347273535344e+00,-9.450137274792622666e-01,9.187146568569598548e-01,-9.999999999999995559e-01,-9.999999999999995559e-01
1.989675347273535344e+00,-9.450129703599043918e-01,9.186783214480078730e-01,1.000000000000001554e+00,1.000000000000001554e+00
1.989675347273535344e+00,-9.071638947812330489e-01,9.598568530178217539e-01,9.999999999999998890e-01,-9.999999999999998890e-01
1.989675347273535344e+00,-8.522857874752569618e-01,9.813043320621221977e-01,-9.999999999999987788e-01,9.999999999999987788e-01
1.989675347273535344e+00,8.775215399314116871e-01,9.750765992151262385e-01,1.000000000000000222e+00,-1.000000000000000222e+00
1.989675347273535344e+00,8.775215430137934813e-01,9.750767060229990069e-01,-1.000000000000000000e+00,1.000000000000000000e+00
1.989675347273535344e+00,9.131414062290800215e-01,9.573982959813649440e-01,-9.999999999999990008e-01,-9.999999999999990008e-01
2.024581932313422428e+00,-9.326750939489740766e-01,9.417297888573299414e-01,-1.000000000000000444e+00,-1.000000000000000444e+00
2.024581932313422428e+00,-9.326748717135356914e-01,9.417194466684366549e-01,1.000000000000000444e+00,1.000000000000000444e+00
2.024581932313422428e+00,-8.926073336725792728e-01,9.706509642882920064e-01,1.000000000000000222e+00,-1.000000000000000222e+00
2.024581932313422428e+00,-8.352704726478699104e-01,9.862387117295117189e-01,-1.000000000000002220e+00,1.000000000000002220e+00
2.024581932313422428e+00,8.608153579133842603e-01,9.819246003592296823e-01,9.999999999999997780e-01,-9.999999999999997780e-01
2.024581932313422428e+00,8.608153587727007672e-01,9.819246288287601931e-01,-1.000000000000000444e+00,1.000000000000000444e+00
2.024581932313422428e+00,8.978429598237609444e-01,9.697866098605039120e-01,-1.000000000000000000e+00,-1.000000000000000000e+00
2.059488517353308623e+00,-9.191024260847914240e-01,9.588784845707609694e-01,-1.000000000000000888e+00,-1.000000000000000888e+00
2.059488517353308623e+00,-9.191023667011042342e-01,9.588758281690874519e-01,9.999999999999987788e-01,9.999999999999987788e-01
2.059488517353308623e+00,-8.769989174679976296e-01,9.788549681299391070e-01,1.000000000000000666e+00,-1.000000000000000666e+00
2.059488517353308623e+00,-8.173454266848430017e-01,9.900031147357006844e-01,-9.999999999999994449e-01,9.999999999999994449e-01
2.059488517353308623e+00,8.431377598815433805e-01,9.870499168543359625e-01,1.000000000000000000e+00,-1.000000000000000000e+00
2.059488517353308623e+00,8.431377601060894289e-01,9.870499239608676589e-01,-9.999999999999995559e-01,9.999999999999995559e-01
2.059488517353308623e+00,8.814324226688295960e-01,9.788071912324969315e-01,-9.999999999999994449e-01,-9.999999999999994449e-01
2.094395102393195707e+00,-9.043104000586300595e-01,9.714308042188287695e-01,-1.000000000000000222e+00,-1.000000000000000222e+00
2.094395102393195707e+00,-9.043103855864751406e-01,9.714301854073401632e-01,1.000000000000000888e+00,1.000000000000000888e+00
2.094395102393195707e+00,-8.603448840067509096e-01,9.849984220955748659e-01,1.000000000000000000e+00,-1.000000000000000000e+00
2.094395102393195707e+00,-7.985194581679135872e-01,9.928378433750603138e-01,-9.999999999999996669e-01,9.999999999999996669e-01
2.094395102393195707e+00,8.245077450466878899e-01,9.908416719308422715e-01,9.999999999999994449e-01,-9.999999999999994449e-01
2.094395102393195707e+00,8.245077451015763170e-01,9.908416735894278737e-01,-9.999999999999996669e-01,9.999999999999996669e-01
2.094395102393195707e+00,8.639427559290342451e-01,9.853083758758383048e-01,-9.999999999999996669e-01,-9.999999999999996669e-01
2.129301687433081902e+00,-8.883170597176989203e-01,9.804674255606574684e-01,-9.999999999999976685e-01,-9.999999999999976685e-01
2.129301687433081902e+00,-8.883170564994669061e-01,9.804672944758550113e-01,9.999999999999995559e-01,9.999999999999995559e-01
2.129301687433081902e+00,-8.426545071501473361e-01,9.895277609577163291e-01,9.999999999999977796e-01,-9.999999999999977796e-01
2.129301687433081902e+00,-7.788031400317538822e-01,9.949434794161987616e-01,-1.000000000000000666e+00,1.000000000000000666e+00
2.129301687433081902e+00,8.049448745420764162e-01,9.936123156749923080e-01,9.999999999999997780e-01,-9.999999999999997780e-01
2.129301687433081902e+00,8.049448745545948469e-01,9.936123160360792461e-01,-1.000000000000000444e+00,1.000000000000000444e+00
2.129301687433081902e+00,8.454056311801300128e-01,9.899437701212213669e-01,-1.000000000000000222e+00,-1.000000000000000222e+00
2.129301687433081902e+00,9.472643990128465363e-01,9.402733101661771009e-01,1.000000000000000000e+00,1.000000000000000000e+00
2.164208272472968986e+00,-8.711433077034139716e-01,9.868673598964921023e-01,-9.999999999999997780e-01,-9.999999999999997780e-01
2.164208272472968986e+00,-8.711433070508630694e-01,9.868673346266702007e-01,9.999999999999996669e-01,9.999999999999996669e-01
2.164208272472968986e+00,-8.239400350658913075e-01,9.928129918483059591e-01,1.000000000000000000e+00,-1.000000000000000000e+00
2.164208272472968986e+00,-7.582087601417668576e-01,9.964851459576548054e-01,-1.000000000000000444e+00,1.000000000000000444e+00
2.164208272472968986e+00,7.844692631425382867e-01,9.956102225832631492e-01,1.000000000000000444e+00,-1.000000000000000444e+00
2.164208272472968986e+00,7.844692631451938292e-01,9.956102226563714463e-01,-9.999999999999997780e-01,9.999999999999997780e-01
2.164208272472968986e+00,8.258516927073751290e-01,9.932108588547129413e-01,-9.999999999999990008e-01,-9.999999999999990008e-01
2.164208272472968986e+00,9.327385622840024260e-01,9.621563068663253615e-01,1.000000000000000000e+00,1.000000000000000000e+00
2.199114857512855181e+00,-8.528127276799638556e-01,9.913247520569903326e-01,-9.999999999999980016e-01,-9.999999999999980016e-01
2.199114857512855181e+00,-8.528127275595228651e-01,9.913247476273341352e-01,9.999999999999991118e-01,9.999999999999991118e-01
2.199114857512855181e+00,-8.042165806268767314e-01,9.951553977629576941e-01,1.000000000000001554e+00,-1.000000000000001554e+00
2.199114857512855181e+00,-7.367502654103159632e-01,9.975968240210237870e-01,-9.999999999999984457e-01,9.999999999999984457e-01
2.199114857512855181e+00,7.631015821674148603e-01,9.970306721894955926e-01,9.999999999999997780e-01,-9.999999999999997780e-01
2.199114857512855181e+00,7.631015821679366651e-01,9.970306722032111768e-01,-9.999999999999997780e-01,9.999999999999997780e-01
2.199114857512855181e+00,8.053108419994329248e-01,9.954847057631545093e-01,-1.000000000000000222e+00,-1.000000000000000222e+00
2.199114857512855181e+00,9.166849270814328987e-01,9.763445344641096257e-01,1.000000000000000666e+00,1.000000000000000666e+00
2.234021442552742265e+00,-8.333515106305656728e-01,9.943755515744481244e-01,-9.999999999999990008e-01,-9.999999999999990008e-01
2.234021442552742265e+00,-8.333515106103837056e-01,9.943755508698288725e-01,9.999999999999980016e-01,9.999999999999980016e-01
2.234021442552742265e+00,-7.835019802958562707e-01,9.967958083864356666e-01,9.999999999999998890e-01,-9.999999999999998890e-01
2.234021442552742265e+00,-7.144432023914463192e-01,9.983856016895945595e-01,-9.999999999999996669e-01,9.999999999999996669e-01
2.234021442552742265e+00,7.408630755993025341e-01,9.980253775573120212e-01,1.000000000000000222e+00,-1.000000000000000222e+00
2.234021442552742265e+00,7.408630755993972361e-01,9.980253775596862331e-01,-1.000000000000000444e+00,1.000000000000000444e+00
2.234021442552742265e+00,7.838125009622256556e-01,9.970455659324285458e-01,-1.000000000000000222e+00,-1.000000000000000222e+00
2.234021442552742265e+00,8.991854620115952157e-01,9.854262366844606102e-01,1.000000000000000222e+00,1.000000000000000222e+00
2.268928027592628460e+00,-8.127883785762550772e-01,9.964255678272486705e-01,-1.000000000000002220e+00,-1.000000000000002220e+00
2.268928027592628460e+00,-8.127883785731970789e-01,9.964255677258683219e-01,9.999999999999993339e-01,9.999999999999993339e-01
2.268928027592628460e+00,-7.618166342752510367e-01,9.979230741162099516e-01,9.999999999999996669e-01,-9.999999999999996669e-01
2.268928027592628460e+00,-6.913046562923564897e-01,9.989357422063708247e-01,-9.999999999999988898e-01,9.999999999999988898e-01
2.268928027592628460e+00,7.177755881392198223e-01,9.987106991804224343e-01,1.000000000000000000e+00,-1.000000000000000000e+00
2.268928027592628460e+00,7.177755881392353654e-01,9.987106991807994660e-01,-1.000000000000000000e+00,1.000000000000000000e+00
2.268928027592628460e+00,7.613858407676223905e-01,9.981008943341732609e-01,-1.000000000000000222e+00,-1.000000000000000222e+00
2.268928027592628460e+00,8.803146731528188607e-01,9.911653617196510835e-01,9.999999999999993339e-01,9.999999999999993339e-01
2.303834612632514656e+00,-7.911544649122644879e-01,9.977764255679275607e-01,-1.000000000000001110e+00,-1.000000000000001110e+00
2.303834612632514656e+00,-7.911544649118468220e-01,9.977764255547902916e-01,9.999999999999988898e-01,9.999999999999988898e-01
2.303834612632514656e+00,-7.391833366888366230e-01,9.986823848675626669e-01,1.000000000000000888e+00,-1.000000000000000888e+00
2.303834612632514656e+00,-6.673531897186472106e-01,9.993124756392087749e-01,-1.000000000000000888e+00,1.000000000000000888e+00
2.303834612632514656e+00,6.938616020239287696e-01,9.991746596014665638e-01,9.999999999999993339e-01,-9.999999999999993339e-01
2.303834612632514656e+00,6.938616020239312121e-01,9.991746596015220749e-01,-1.000000000000000222e+00,1.000000000000000222e+00
2.303834612632514656e+00,7.380599756907068043e-01,9.988026628916478744e-01,-9.999999999999991118e-01,-9.999999999999991118e-01
2.303834612632514656e+00,8.601411963031079244e-01,9.947408683494920467e-01,1.000000000000000888e+00,1.000000000000000888e+00
2.338741197672401739e+00,-7.684831457295820956e-01,9.986481718025168597e-01,-9.999999999999982236e-01,-9.999999999999982236e-01
2.338741197672401739e+00,-7.684831457295305812e-01,9.986481718009949660e-01,1.000000000000000222e+00,1.000000000000000222e+00
2.338741197672401739e+00,-7.156271016792823403e-01,9.991831130295794061e-01,1.000000000000000444e+00,-1.000000000000000444e+00
2.338741197672401739e+00,-6.426087821335733086e-01,9.995654434298435476e-01,-9.999999999999983347e-01,9.999999999999983347e-01
2.338741197672401739e+00,6.691442787574928275e-01,9.994828653489857828e-01,9.999999999999993339e-01,-9.999999999999993339e-01
2.338741197672401739e+00,6.691442787574932716e-01,9.994828653489933323e-01,-1.000000000000000000e+00,1.000000000000000000e+00
2.338741197672401739e+00,7.138641256267659330e-01,9.992608925907238149e-01,-1.000000000000001110e+00,-1.000000000000001110e+00
2.338741197672401739e+00,8.387293280691207054e-01,9.969324026101289427e-01,9.999999999999995559e-01,9.999999999999995559e-01
2.373647782712287935e+00,-7.448098334370774065e-01,9.991982653263209446e-01,-9.999999999999998890e-01,-9.999999999999998890e-01
2.373647782712287935e+00,-7.448098334370720774e-01,9.991982653261636260e-01,9.999999999999998890e-01,9.999999999999998890e-01
2.373647782712287935e+00,-6.911749895770283869e-01,9.995059345610927126e-01,9.999999999999998890e-01,-9.999999999999998890e-01
2.373647782712287935e+00,-6.170927708373945553e-01,9.997317519347886927e-01,-9.999999999999998890e-01,9.999999999999998890e-01
2.373647782712287935e+00,6.436475020548071413e-01,9.996834419806257532e-01,9.999999999999998890e-01,-9.999999999999998890e-01
2.373647782712287935e+00,6.436475020548075854e-01,9.996834419806266414e-01,-1.000000000000000000e+00,1.000000000000000000e+00
2.373647782712287935e+00,6.888277518107182029e-01,9.995541743882346841e-01,-9.999999999999986677e-01,-9.999999999999986677e-01
2.373647782712287935e+00,8.161402355479198123e-01,9.982508559571442452e-01,9.999999999999990008e-01,9.999999999999990008e-01
2.408554367752175018e+00,-7.201717498315848287e-01,9.995371052342706397e-01,-1.000000000000000444e+00,-1.000000000000000444e+00
2.408554367752175018e+00,-7.201717498315844956e-01,9.995371052342556517e-01,9.999999999999996669e-01,9.999999999999996669e-01
2.408554367752175018e+00,-6.658559363102246609e-01,9.997090732851772188e-01,1.000000000000000000e+00,-1.000000000000000000e+00
2.408554367752175018e+00,-5.908277941637242181e-01,9.998386164101062956e-01,-9.999999999999994449e-01,9.999999999999994449e-01
2.408554367752175018e+00,6.173959188968556333e-01,9.998110893212471817e-01,9.999999999999997780e-01,-9.999999999999997780e-01
2.408554367752175018e+00,6.173959188968561884e-01,9.998110893212479588e-01,-1.000000000000000444e+00,1.000000000000000444e+00
2.408554367752175018e+00,6.629806697595872489e-01,9.997378047973215498e-01,-1.000000000000000444e+00,-1.000000000000000444e+00
2.408554367752175018e+00,7.924328510356876132e-01,9.990274704661226135e-01,9.999999999999992228e-01,9.999999999999992228e-01
2.443460952792061214e+00,-6.946076951929274212e-01,9.997404349915659516e-01,9.999999999999993339e-01,9.999999999999993339e-01
2.443460952792061214e+00,-6.946076951929267551e-01,9.997404349915679500e-01,-1.000000000000000000e+00,-1.000000000000000000e+00
2.443460952792061214e+00,-6.397005885840957307e-01,9.998336017502611472e-01,1.000000000000000444e+00,-1.000000000000000444e+00
2.443460952792061214e+00,-5.638377374842161727e-01,9.999055986043485778e-01,-9.999999999999992228e-01,9.999999999999992228e-01
2.443460952792061214e+00,5.904149763904874559e-01,9.998903641308016788e-01,9.999999999999996669e-01,-9.999999999999996669e-01
2.443460952792061214e+00,5.904149763904874559e-01,9.998903641308013457e-01,-9.999999999999994449e-01,9.999999999999994449e-01
2.443460952792061214e+00,6.363531426257340584e-01,9.998500336908442421e-01,-9.999999999999992228e-01,-9.999999999999992228e-01
2.443460952792061214e+00,7.676645168549006693e-01,9.994741788501594337e-01,1.000000000000000888e+00,1.000000000000000888e+00
2.478367537831948297e+00,-6.681578262921034073e-01,9.998590286732544907e-01,-1.000000000000000888e+00,-1.000000000000000888e+00
2.478367537831948297e+00,-6.681578262921032962e-01,9.998590286732533805e-01,9.999999999999997780e-01,9.999999999999997780e-01
2.478367537831948297e+00,-6.127411468091698010e-01,9.999078058274893932e-01,1.000000000000000444e+00,-1.000000000000000444e+00
2.478367537831948297e+00,-5.361476824837521082e-01,9.999464581711446920e-01,-1.000000000000000000e+00,1.000000000000000000e+00
2.478367537831948297e+00,5.627309529363808682e-01,9.999382952095825505e-01,-1.000000000000000000e+00,1.000000000000000000e+00
2.478367537831948297e+00,5.627309529363809792e-01,9.999382952095821064e-01,9.999999999999995559e-01,-9.999999999999995559e-01
2.478367537831948297e+00,6.089759574022398647e-01,9.999168194384576713e-01,-1.000000000000000444e+00,-1.000000000000000444e+00
2.478367537831948297e+00,7.418914431893118833e-01,9.997243810148770393e-01,9.999999999999997780e-01,9.999999999999997780e-01
2.513274122871834493e+00,-6.408634515714872748e-01,9.999260824076527943e-01,-9.999999999999982236e-01,-9.999999999999982236e-01
2.513274122871834493e+00,-6.408634515714868307e-01,9.999260824076556808e-01,1.000000000000000888e+00,1.000000000000000888e+00
2.513274122871834493e+00,-5.850112171953906204e-01,9.999506746262770696e-01,9.999999999999995559e-01,-9.999999999999995559e-01
2.513274122871834493e+00,-5.077838600125019752e-01,9.999706502868680458e-01,-9.999999999999998890e-01,9.999999999999998890e-01
2.513274122871834493e+00,5.343709829358740393e-01,9.999664312683270717e-01,1.000000000000000000e+00,-1.000000000000000000e+00
2.513274122871834493e+00,5.343709829358741503e-01,9.999664312683267386e-01,-9.999999999999996669e-01,9.999999999999996669e-01
2.513274122871834493e+00,5.808804858883006572e-01,9.999554070149117013e-01,-1.000000000000000000e+00,-1.000000000000000000e+00
2.513274122871834493e+00,7.151690268899093539e-01,9.998604197104911107e-01,9.999999999999992228e-01,9.999999999999992228e-01
2.548180707911721576e+00,-6.127668474700072032e-01,9.999627208087839003e-01,9.999999999999984457e-01,9.999999999999984457e-01
2.548180707911721576e+00,-6.127668474700059820e-01,9.999627208087884522e-01,-1.000000000000003109e+00,-1.000000000000003109e+00
2.548180707911721576e+00,-5.565456738469437559e-01,9.999746121311149372e-01,1.000000000000000222e+00,-1.000000000000000222e+00
2.548180707911721576e+00,-4.787736066500719034e-01,9.999845094750224872e-01,-9.999999999999996669e-01,9.999999999999996669e-01
2.548180707911721576e+00,5.053630748587792931e-01,9.999824151671329320e-01,1.000000000000000444e+00,-1.000000000000000444e+00
2.548180707911721576e+00,5.053630748587795152e-01,9.999824151671325989e-01,-1.000000000000000000e+00,1.000000000000000000e+00
2.548180707911721576e+00,5.520987319933138293e-01,9.999769830914728708e-01,-1.000000000000000222e+00,-1.000000000000000222e+00
2.548180707911721576e+00,6.875520656901800143e-01,9.999319745012530403e-01,1.000000000000001332e+00,1.000000000000001332e+00
2.583087292951607772e+00,-5.839110965372145134e-01,9.999819965956543433e-01,-1.000000000000000888e+00,-1.000000000000000888e+00
2.583087292951607772e+00,-5.839110965372142914e-01,9.999819965956521228e-01,9.999999999999987788e-01,9.999999999999987788e-01
2.583087292951607772e+00,-5.273805311330079792e-01,9.999874846398028039e-01,1.000000000000000222e+00,-1.000000000000000222e+00
2.583087292951607772e+00,-4.491453249475635956e-01,9.999921633097546003e-01,-1.000000000000000222e+00,1.000000000000000222e+00
2.583087292951607772e+00,4.757361229328744279e-01,9.999911699092822737e-01,-1.000000000000000222e+00,1.000000000000000222e+00
2.583087292951607772e+00,4.757361229328745389e-01,9.999911699092822737e-01,1.000000000000000444e+00,-1.000000000000000444e+00
2.583087292951607772e+00,5.226633667753688428e-01,9.999886136390817581e-01,-1.000000000000000444e+00,-1.000000000000000444e+00
2.583087292951607772e+00,6.590948928282320818e-01,9.999682415918585976e-01,1.000000000000001110e+00,1.000000000000001110e+00
2.617993877991493967e+00,-5.543399457691934318e-01,9.999917186576492423e-01,9.999999999999992228e-01,9.999999999999992228e-01
2.617993877991493967e+00,-5.543399457691929877e-01,9.999917186576492423e-01,-9.999999999999993339e-01,-9.999999999999993339e-01
2.617993877991493967e+00,-4.975528261242633810e-01,9.999941222377196626e-01,1.000000000000000000e+00,-1.000000000000000000e+00
2.617993877991493967e+00,-4.189284471615116190e-01,9.999962201430125930e-01,-9.999999999999995559e-01,9.999999999999995559e-01
2.617993877991493967e+00,4.455199130054043333e-01,9.999957726013781745e-01,1.000000000000000000e+00,-1.000000000000000000e+00
2.617993877991493967e+00,4.455199130054043888e-01,9.999957726013785075e-01,-1.000000000000000444e+00,1.000000000000000444e+00
2.617993877991493967e+00,4.926077525083167874e-01,9.999946305908764543e-01,-9.999999999999997780e-01,-9.999999999999997780e-01
2.617993877991493967e+00,6.298514510068050631e-01,9.999858737040281387e-01,1.000000000000000444e+00,1.000000000000000444e+00
2.652900463031381051e+00,-5.240976824032640424e-01,9.999963949680357178e-01,1.000000000000000222e+00,1.000000000000000222e+00
2.652900463031381051e+00,-5.240976824032633763e-01,9.999963949680347186e-01,-9.999999999999994449e-01,-9.999999999999994449e-01
2.652900463031381051e+00,-4.671005105116741718e-01,9.999973870193892278e-01,9.999999999999997780e-01,-9.999999999999997780e-01
2.652900463031381051e+00,-3.881534021712241822e-01,9.999982730461518532e-01,-9.999999999999995559e-01,9.999999999999995559e-01
2.652900463031381051e+00,4.147451232850254965e-01,9.999980829370789248e-01,1.000000000000000222e+00,-1.000000000000000222e+00
2.652900463031381051e+00,4.147451232850256075e-01,9.999980829370787028e-01,-1.000000000000000000e+00,1.000000000000000000e+00
2.652900463031381051e+00,4.619659570002440097e-01,9.999976020672787236e-01,-9.999999999999993339e-01,-9.999999999999993339e-01
2.652900463031381051e+00,5.998753206592665199e-01,9.999940522520076591e-01,9.999999999999996669e-01,9.999999999999996669e-01
2.687807048071267246e+00,-4.932290240018593064e-01,9.999985264787146777e-01,9.999999999999991118e-01,9.999999999999991118e-01
2.687807048071267246e+00,-4.932290240018588623e-01,9.999985264787145667e-01,-9.999999999999988898e-01,-9.999999999999988898e-01
2.687807048071267246e+00,-4.360623511778771721e-01,9.999989090867776875e-01,1.000000000000000444e+00,-1.000000000000000444e+00
2.687807048071267246e+00,-3.568515851833610197e-01,9.999992585078729679e-01,-1.000000000000000444e+00,1.000000000000000444e+00
2.687807048071267246e+00,3.834433207230170670e-01,9.999991830383663238e-01,1.000000000000000222e+00,-1.000000000000000222e+00
2.687807048071267246e+00,3.834433207230179552e-01,9.999991830383662128e-01,-1.000000000000000000e+00,1.000000000000000000e+00
2.687807048071267246e+00,4.307727593126838284e-01,9.999989938628881525e-01,-9.999999999999992228e-01,-9.999999999999992228e-01
2.687807048071267246e+00,5.692197146531262630e-01,9.999976482757009233e-01,1.000000000000000666e+00,1.000000000000000666e+00
2.722713633111154330e+00,-4.617790197843806843e-01,9.999994399968479275e-01,9.999999999999991118e-01,9.999999999999991118e-01
2.722713633111154330e+00,-4.617790197843806843e-01,9.999994399968488157e-01,-1.000000000000000000e+00,-1.000000000000000000e+00
2.722713633111154330e+00,-4.044778384658940240e-01,9.999995764370180895e-01,9.999999999999996669e-01,-9.999999999999996669e-01
2.722713633111154330e+00,-3.250553297745517600e-01,9.999997037346675111e-01,-9.999999999999997780e-01,9.999999999999997780e-01
2.722713633111154330e+00,3.516469537615734553e-01,9.999996760425498010e-01,1.000000000000000000e+00,-1.000000000000000000e+00
2.722713633111154330e+00,3.516469537615735663e-01,9.999996760425498010e-01,-1.000000000000000222e+00,1.000000000000000222e+00
2.722713633111154330e+00,3.990636479401777348e-01,9.999996072630799038e-01,-1.000000000000000222e+00,-1.000000000000000222e+00
2.722713633111154330e+00,5.379374492927124773e-01,9.999991353021318030e-01,1.000000000000001332e+00,1.000000000000001332e+00
2.757620218151040525e+00,-4.297929606010841841e-01,9.999998045473401653e-01,9.999999999999998890e-01,9.999999999999998890e-01
2.757620218151040525e+00,-4.297929606010832959e-01,9.999998045473399433e-01,-9.999999999999995559e-01,-9.999999999999995559e-01
2.757620218151040525e+00,-3.723871011633934081e-01,9.999998489417265546e-01,1.000000000000000222e+00,-1.000000000000000222e+00
2.757620218151040525e+00,-2.927978817999267180e-01,9.999998912039378407e-01,-1.000000000000000222e+00,1.000000000000000222e+00
2.757620218151040525e+00,3.193893420901955382e-01,9.999998819414968043e-01,-9.999999999999996669e-01,9.999999999999996669e-01
2.757620218151040525e+00,3.193893420901958158e-01,9.999998819414971374e-01,1.000000000000000000e+00,-1.000000000000000000e+00
2.757620218151040525e+00,3.668748124027926272e-01,9.999998591456338293e-01,-9.999999999999996669e-01,-9.999999999999996669e-01
2.757620218151040525e+00,5.060808995320406067e-01,9.999997079816121959e-01,1.000000000000000000e+00,1.000000000000000000e+00
2.792526803190927609e+00,-3.973162955065044910e-01,9.999999383411118936e-01,1.000000000000000000e+00,1.000000000000000000e+00
2.792526803190927609e+00,-3.973162955065031032e-01,9.999999383411122267e-01,-1.000000000000000444e+00,-1.000000000000000444e+00
2.792526803190927609e+00,-3.398308272645961803e-01,9.999999512977355565e-01,1.000000000000000222e+00,-1.000000000000000222e+00
2.792526803190927609e+00,-2.601133746951918568e-01,9.999999638616808850e-01,-1.000000000000000000e+00,1.000000000000000000e+00
2.792526803190927609e+00,2.867046639314051459e-01,9.999999610876217915e-01,1.000000000000000000e+00,-1.000000000000000000e+00
2.792526803190927609e+00,2.867046639314052570e-01,9.999999610876220135e-01,-1.000000000000000444e+00,1.000000000000000444e+00
2.792526803190927609e+00,3.342431290866752502e-01,9.999999543205961849e-01,-9.999999999999994449e-01,-9.999999999999994449e-01
2.792526803190927609e+00,4.737019446037070147e-01,9.999999108526410607e-01,1.000000000000000888e+00,1.000000000000000888e+00
2.827433388230813804e+00,-9.489756667494927411e-01,9.970932581437027542e-01,1.000000000000000888e+00,1.000000000000000888e+00
2.827433388230813804e+00,-3.643945534586635060e-01,9.999999827836183464e-01,-1.000000000000000888e+00,-1.000000000000000888e+00
2.827433388230813804e+00,-3.643945534586625623e-01,9.999999827836195676e-01,1.000000000000002220e+00,1.000000000000002220e+00
2.827433388230813804e+00,-3.068501896576975585e-01,9.999999861000435919e-01,1.000000000000000000e+00,-1.000000000000000000e+00
2.827433388230813804e+00,-2.270368057143286877e-01,9.999999893680738827e-01,-9.999999999999992228e-01,9.999999999999992228e-01
2.827433388230813804e+00,2.536279412433692926e-01,9.999999886414880912e-01,1.000000000000000222e+00,-1.000000000000000222e+00
2.827433388230813804e+00,2.536279412433692926e-01,9.999999886414885353e-01,-1.000000000000000666e+00,1.000000000000000666e+00
2.827433388230813804e+00,3.012061420495646957e-01,9.999999868835975914e-01,-1.000000000000000444e+00,-1.000000000000000444e+00
2.827433388230813804e+00,4.408519088064457025e-01,9.999999759091974250e-01,1.000000000000000444e+00,1.000000000000000444e+00
2.862339973270700888e+00,-9.435211092385952236e-01,9.986896153601046988e-01,9.999999999999984457e-01,9.999999999999984457e-01
2.862339973270700888e+00,-3.310732691706608222e-01,9.999999958644412157e-01,-1.000000000000000000e+00,-1.000000000000000000e+00
2.862339973270700888e+00,-3.310732691706607667e-01,9.999999958644414377e-01,1.000000000000000000e+00,1.000000000000000000e+00
2.862339973270700888e+00,-2.734867759891252970e-01,9.999999965866341878e-01,1.000000000000000000e+00,-1.000000000000000000e+00
2.862339973270700888e+00,-1.936040126664826666e-01,9.999999973073737669e-01,-9.999999999999986677e-01,9.999999999999986677e-01
2.862339973270700888e+00,2.201950230941901732e-01,9.999999971461865922e-01,-1.000000000000000000e+00,1.000000000000000000e+00
2.862339973270700888e+00,2.201950230941903119e-01,9.999999971461868142e-01,1.000000000000000000e+00,-1.000000000000000000e+00
2.862339973270700888e+00,2.678020393982801783e-01,9.999999967589735528e-01,-1.000000000000000444e+00,-1.000000000000000444e+00
2.862339973270700888e+00,4.075815009787307486e-01,9.999999943985722339e-01,9.999999999999995559e-01,9.999999999999995559e-01
2.897246558310587083e+00,-9.384504106004729618e-01,9.994783146742652891e-01,9.999999999999987788e-01,9.999999999999987788e-01
2.897246558310587083e+00,-2.973979125386157496e-01,9.999999991787869025e-01,-9.999999999999998890e-01,-9.999999999999998890e-01
2.897246558310587083e+00,-2.973979125386156386e-01,9.999999991787891229e-01,1.000000000000001998e+00,1.000000000000001998e+00
2.897246558310587083e+00,-2.397825220603831686e-01,9.999999993070027848e-01,9.999999999999996669e-01,-9.999999999999996669e-01
2.897246558310587083e+00,-1.598516507382920504e-01,9.999999994359479727e-01,-1.000000000000000000e+00,1.000000000000000000e+00
2.897246558310587083e+00,1.864425673411102824e-01,9.999999994069961318e-01,-9.999999999999995559e-01,9.999999999999995559e-01
2.897246558310587083e+00,1.864425673411104767e-01,9.999999994069962428e-01,9.999999999999997780e-01,-9.999999999999997780e-01
2.897246558310587083e+00,2.340696257501586330e-01,9.999999993378068108e-01,-9.999999999999996669e-01,-9.999999999999996669e-01
2.897246558310587083e+00,3.739407552110923794e-01,9.999999989231808106e-01,9.999999999999998890e-01,9.999999999999998890e-01
2.932153143350473279e+00,-9.339152634885025117e-01,9.998238135954415906e-01,1.000000000000000000e+00,1.000000000000000000e+00
2.932153143350473279e+00,-2.634138213570915155e-01,9.999999998728439365e-01,-1.000000000000000000e+00,-1.000000000000000000e+00
2.932153143350473279e+00,-2.634138213570911269e-01,9.999999998728432704e-01,9.999999999999995559e-01,9.999999999999995559e-01
2.932153143350473279e+00,-2.057796482084126299e-01,9.999999998902805443e-01,9.999999999999988898e-01,-9.999999999999988898e-01
2.932153143350473279e+00,-1.258171690078882243e-01,9.999999999078160728e-01,-9.999999999999984457e-01,9.999999999999984457e-01
2.932153143350473279e+00,1.524080206440023566e-01,9.999999999038778897e-01,9.999999999999995559e-01,-9.999999999999995559e-01
2.932153143350473279e+00,1.524080206440023566e-01,9.999999999038783338e-01,-1.000000000000000000e+00,1.000000000000000000e+00
2.932153143350473279e+00,2.000482912129173951e-01,9.999999998944807400e-01,-9.999999999999994449e-01,-9.999999999999994449e-01
2.932153143350473279e+00,3.399789745901053983e-01,9.999999998385553646e-01,1.000000000000000222e+00,1.000000000000000222e+00
2.967059728390360362e+00,-9.300654753511207185e-01,9.999525427253183052e-01,9.999999999999994449e-01,9.999999999999994449e-01
2.967059728390360362e+00,-2.291661372199518265e-01,9.999999999859787714e-01,1.000000000000001554e+00,1.000000000000001554e+00
2.967059728390360362e+00,-2.291661372199517432e-01,9.999999999859774391e-01,-1.000000000000000444e+00,-1.000000000000000444e+00
2.967059728390360362e+00,-1.715205982030872378e-01,9.999999999876265644e-01,9.999999999999996669e-01,-9.999999999999996669e-01
2.967059728390360362e+00,-9.153878627268940971e-02,9.999999999892654756e-01,-1.000000000000000444e+00,1.000000000000000444e+00
2.967059728390360362e+00,1.181295967595143298e-01,9.999999999888993241e-01,1.000000000000000000e+00,-1.000000000000000000e+00
2.967059728390360362e+00,1.181295967595143576e-01,9.999999999888991020e-01,-9.999999999999998890e-01,9.999999999999998890e-01
2.967059728390360362e+00,1.657779772571807697e-01,9.999999999880223589e-01,-9.999999999999995559e-01,-9.999999999999995559e-01
2.967059728390360362e+00,3.057446791864411040e-01,9.999999999827563490e-01,9.999999999999994449e-01,9.999999999999994449e-01
3.001966313430246558e+00,-9.270434642929356039e-01,9.999907966290616512e-01,1.000000000000000222e+00,1.000000000000000222e+00
3.001966313430246558e+00,-1.946997446092236794e-01,9.999999999990542010e-01,-1.000000000000000444e+00,-1.000000000000000444e+00
3.001966313430246558e+00,-1.946997446092234574e-01,9.999999999990529798e-01,9.999999999999993339e-01,9.999999999999993339e-01
3.001966313430246558e+00,-1.370479802658992607e-01,9.999999999991459054e-01,9.999999999999996669e-01,-9.999999999999996669e-01
3.001966313430246558e+00,-5.705546582517133369e-02,9.999999999992353894e-01,-1.000000000000000666e+00,1.000000000000000666e+00
3.001966313430246558e+00,8.364625300036082622e-02,9.999999999992155164e-01,1.000000000000000222e+00,-1.000000000000000222e+00
3.001966313430246558e+00,8.364625300036085398e-02,9.999999999992157385e-01,-1.000000000000000444e+00,1.000000000000000444e+00
3.001966313430246558e+00,1.312991398097396734e-01,9.999999999991677768e-01,-9.999999999999996669e-01,-9.999999999999996669e-01
3.001966313430246558e+00,2.712855590589350885e-01,9.999999999988726795e-01,1.000000000000000000e+00,1.000000000000000000e+00
3.036872898470133642e+00,-9.249781647007151442e-01,9.999989380726871380e-01,9.999999999999995559e-01,9.999999999999995559e-01
3.036872898470133642e+00,-1.600592132183590866e-01,9.999999999999706901e-01,1.000000000000000000e+00,1.000000000000000000e+00
3.036872898470133642e+00,-1.600592132183590588e-01,9.999999999999701350e-01,-9.999999999999995559e-01,-9.999999999999995559e-01
3.036872898470133642e+00,-1.024045098754691047e-01,9.999999999999721334e-01,9.999999999999992228e-01,-9.999999999999992228e-01
3.036872898470133642e+00,-2.240688882113676603e-02,9.999999999999762412e-01,-1.000000000000001332e+00,1.000000000000001332e+00
3.036872898470133642e+00,4.899766470213533925e-02,9.999999999999749090e-01,1.000000000000000444e+00,-1.000000000000000444e+00
3.036872898470133642e+00,4.899766470213538783e-02,9.999999999999740208e-01,-9.999999999999995559e-01,9.999999999999995559e-01
3.036872898470133642e+00,9.665270985917717717e-02,9.999999999999726885e-01,-9.999999999999993339e-01,-9.999999999999993339e-01
3.036872898470133642e+00,2.366484327111290364e-01,9.999999999999653610e-01,9.999999999999993339e-01,9.999999999999993339e-01
3.071779483510019837e+00,-9.239785630768007074e-01,9.999999524178954102e-01,9.999999999999990008e-01,9.999999999999990008e-01
3.071779483510019837e+00,-1.252887435588103116e-01,1.000000000000000000e+00,1.000000000000000444e+00,1.000000000000000444e+00
3.071779483510019837e+00,-1.252887435588102005e-01,9.999999999999995559e-01,-9.999999999999997780e-01,-9.999999999999997780e-01
3.071779483510019837e+00,-6.763295408210799609e-02,1.000000000000000444e+00,1.000000000000000444e+00,-1.000000000000000444e+00
3.071779483510019837e+00,1.236657410342316930e-02,1.000000000000000888e+00,-1.000000000000000888e+00,1.000000000000000888e+00
3.071779483510019837e+00,1.422419751511380670e-02,9.999999999999997780e-01,1.000000000000000000e+00,-1.000000000000000000e+00
3.071779483510019837e+00,1.422419751511382405e-02,9.999999999999997780e-01,-1.000000000000000000e+00,1.000000000000000000e+00
3.071779483510019837e+00,6.188005183362032396e-02,1.000000000000000444e+00,-1.000000000000000444e+00,-1.000000000000000444e+00
3.071779483510019837e+00,2.018792111779829090e-01,9.999999999999985567e-01,9.999999999999987788e-01,9.999999999999987788e-01
3.106686068549906921e+00,-9.241271646956129571e-01,9.999999997874421398e-01,9.999999999999996669e-01,9.999999999999996669e-01
3.106686068549906921e+00,-9.043211587665625495e-02,1.000000000000000444e+00,-1.000000000000000444e+00,-1.000000000000000444e+00
3.106686068549906921e+00,-9.043211587665613005e-02,9.999999999999997780e-01,9.999999999999997780e-01,9.999999999999997780e-01
3.106686068549906921e+00,-3.277607710887709552e-02,9.999999999999995559e-01,9.999999999999995559e-01,-9.999999999999995559e-01
3.106686068549906921e+00,-2.063312267233523289e-02,1.000000000000000000e+00,1.000000000000000000e+00,-1.000000000000000000e+00
3.106686068549906921e+00,-2.063312267233520861e-02,9.999999999999998890e-01,-9.999999999999998890e-01,9.999999999999998890e-01
3.106686068549906921e+00,2.702291997850781585e-02,1.000000000000000444e+00,-1.000000000000000444e+00,-1.000000000000000444e+00
3.106686068549906921e+00,4.722389329475681907e-02,1.000000000000000888e+00,-1.000000000000000888e+00,1.000000000000000888e+00
3.106686068549906921e+00,1.670228677180417010e-01,9.999999999999986677e-01,9.999999999999986677e-01,9.999999999999986677e-01
3.141592653589793116e+00,-9.493865971960658845e-01,1.000000000000000222e+00,-1.000000000000000222e+00,1.000000000000000222e+00
3.141592653589793116e+00,-9.254737014703459108e-01,1.000000000000000000e+00,1.000000000000000000e+00,1.000000000000000000e+00
3.141592653589793116e+00,-5.553264237161138067e-02,1.000000000000000000e+00,1.000000000000000000e+00,1.000000000000000000e+00
3.141592653589793116e+00,-5.553264237161120026e-02,9.999999999999997780e-01,-9.999999999999997780e-01,-9.999999999999997780e-01
3.141592653589793116e+00,-5.553264237161087413e-02,1.000000000000000000e+00,-1.000000000000000000e+00,1.000000000000000000e+00
3.141592653589793116e+00,-5.553264237161085332e-02,1.000000000000000000e+00,1.000000000000000000e+00,-1.000000000000000000e+00
3.141592653589793116e+00,-7.876587073048297444e-03,9.999999999999988898e-01,-9.999999999999988898e-01,-9.999999999999988898e-01
3.141592653589793116e+00,2.123412926951160663e-03,9.999999999999997780e-01,9.999999999999997780e-01,-9.999999999999997780e-01
3.141592653589793116e+00,8.212341292695120309e-02,1.000000000000000000e+00,-1.000000000000000000e+00,1.000000000000000000e+00
3.141592653589793116e+00,1.321234129269516777e-01,1.000000000000000000e+00,1.000000000000000000e+00,1.000000000000000000e+00
