kind_code,target,shots_per_setting,settings_per_parameter_point,shots_per_parameter_point,equatorial_points_per_family,total_equatorial_shots_per_family,one_time_pole_calibrations,W3_clean_grid,mean_winding,std_winding,mean_projector_distance_rms,std_projector_distance_rms,mean_subspace_fidelity,std_subspace_fidelity,mean_min_patch_overlap,minimum_patch_overlap,mean_parity_margin,minimum_parity_margin,parity_margin_10th_percentile,parity_correct_rate,parity_correct_ci_low,parity_correct_ci_high,integer_correct_rate
0.000000000000000000e+00,1.000000000000000000e+00,4.000000000000000000e+01,2.700000000000000000e+01,1.080000000000000000e+03,1.280000000000000000e+02,1.382400000000000000e+05,2.000000000000000000e+00,9.583340180861273927e-01,5.021123933137510154e-01,8.637613956378661917e-02,3.354870306603969232e-01,4.318137856533045549e-03,8.874299924072672763e-01,2.901422602511543117e-03,4.012449115580820486e-02,1.686427375376461143e-03,6.612109904444261888e-02,1.174309336211876165e-03,8.328772828335478245e-03,5.699999999999999512e-01,4.721538954921230546e-01,6.626670147588987758e-01,5.699999999999999512e-01
0.000000000000000000e+00,1.000000000000000000e+00,5.000000000000000000e+01,2.700000000000000000e+01,1.350000000000000000e+03,1.280000000000000000e+02,1.728000000000000000e+05,2.000000000000000000e+00,9.583340180861273927e-01,5.984872337728877056e-01,8.002364659314270545e-02,3.032417061685118154e-01,3.588003389543670957e-03,9.080317226093700400e-01,2.181249754563653002e-03,7.646213622255233766e-02,9.502862795139541824e-03,1.079891098807115729e-01,1.019860407160344540e-03,1.988993717359720595e-02,8.800000000000000044e-01,8.018790057328857301e-01,9.300059356298051583e-01,8.800000000000000044e-01
0.000000000000000000e+00,1.000000000000000000e+00,6.000000000000000000e+01,2.700000000000000000e+01,1.620000000000000000e+03,1.280000000000000000e+02,2.073600000000000000e+05,2.000000000000000000e+00,9.583340180861273927e-01,6.431063375605917676e-01,5.870268228411015116e-02,2.782526164983510353e-01,3.342329745865050498e-03,9.225644219553728043e-01,1.859736028978732896e-03,9.783025867578963586e-02,1.091929834600713356e-02,1.435172003813367514e-01,1.026027246979976937e-03,7.101248358935827176e-02,9.899999999999999911e-01,9.455138038212945739e-01,9.982325679358593495e-01,9.899999999999999911e-01
0.000000000000000000e+00,1.000000000000000000e+00,7.500000000000000000e+01,2.700000000000000000e+01,2.025000000000000000e+03,1.280000000000000000e+02,2.592000000000000000e+05,2.000000000000000000e+00,9.583340180861273927e-01,7.010060802265271063e-01,5.053543148596982559e-02,2.495902987772832260e-01,3.131867335042752640e-03,9.376949722491922934e-01,1.561213226078187301e-03,1.391439020393302750e-01,7.081965261351794161e-02,2.010060802265269675e-01,4.991682823893095478e-02,1.411877273969900370e-01,1.000000000000000000e+00,9.630065017930142801e-01,1.000000000000000000e+00,1.000000000000000000e+00
0.000000000000000000e+00,1.000000000000000000e+00,1.000000000000000000e+02,2.700000000000000000e+01,2.700000000000000000e+03,1.280000000000000000e+02,3.456000000000000000e+05,2.000000000000000000e+00,9.583340180861273927e-01,7.704057707484638362e-01,3.574541336936615243e-02,2.176171526489816543e-01,2.901532447416275539e-03,9.526344401713119359e-01,1.266431802574501369e-03,1.713511141987977826e-01,7.786000438854523420e-02,2.704057707484640583e-01,1.659661497066498015e-01,2.224516050409965362e-01,1.000000000000000000e+00,9.630065017930142801e-01,1.000000000000000000e+00,1.000000000000000000e+00
0.000000000000000000e+00,1.000000000000000000e+00,1.250000000000000000e+02,2.700000000000000000e+01,3.375000000000000000e+03,1.280000000000000000e+02,4.320000000000000000e+05,2.000000000000000000e+00,9.583340180861273927e-01,8.067096516160092712e-01,3.021181164634243257e-02,1.951737192735507886e-01,2.160670185406042467e-03,9.619025974942355672e-01,8.433633486282197944e-04,1.927096130631863191e-01,1.131047130554360958e-01,3.067096516160095487e-01,2.042408196724685432e-01,2.723124330455606867e-01,1.000000000000000000e+00,9.630065017930142801e-01,1.000000000000000000e+00,1.000000000000000000e+00
0.000000000000000000e+00,1.000000000000000000e+00,1.500000000000000000e+02,2.700000000000000000e+01,4.050000000000000000e+03,1.280000000000000000e+02,5.184000000000000000e+05,2.000000000000000000e+00,9.583340180861273927e-01,8.280647079302627667e-01,2.362663791870842078e-02,1.784663705292887925e-01,2.227796444805590134e-03,9.681448411438731139e-01,7.960729829415649382e-04,2.108924267521741225e-01,1.497242474034516657e-01,3.280647079302628777e-01,2.722300608044181391e-01,2.974595751841899172e-01,1.000000000000000000e+00,9.630065017930142801e-01,1.000000000000000000e+00,1.000000000000000000e+00
0.000000000000000000e+00,1.000000000000000000e+00,1.750000000000000000e+02,2.700000000000000000e+01,4.725000000000000000e+03,1.280000000000000000e+02,6.048000000000000000e+05,2.000000000000000000e+00,9.583340180861273927e-01,8.504122740269807190e-01,2.133633655232257398e-02,1.652532485174451338e-01,1.910694857678991955e-03,9.726877496071406615e-01,6.321809364562989888e-04,2.261342610915578200e-01,1.868101437870546278e-01,3.504122740269807190e-01,2.999668523335647929e-01,3.205346282772839617e-01,1.000000000000000000e+00,9.630065017930142801e-01,1.000000000000000000e+00,1.000000000000000000e+00
0.000000000000000000e+00,1.000000000000000000e+00,2.000000000000000000e+02,2.700000000000000000e+01,5.400000000000000000e+03,1.280000000000000000e+02,6.912000000000000000e+05,2.000000000000000000e+00,9.583340180861273927e-01,8.635417390971318330e-01,1.778853204803198390e-02,1.546620098982432745e-01,1.907115415023653057e-03,9.760760619759217827e-01,5.903738202618487264e-04,2.344131980868948972e-01,1.808203594631136446e-01,3.635417390971317775e-01,3.260150347415488037e-01,3.429221226928900190e-01,1.000000000000000000e+00,9.630065017930142801e-01,1.000000000000000000e+00,1.000000000000000000e+00
0.000000000000000000e+00,1.000000000000000000e+00,3.000000000000000000e+02,2.700000000000000000e+01,8.100000000000000000e+03,1.280000000000000000e+02,1.036800000000000000e+06,2.000000000000000000e+00,9.583340180861273927e-01,8.934095832273598603e-01,1.254150497727133697e-02,1.266275636437682317e-01,1.435384608561953703e-03,9.839634203999584328e-01,3.641098751420221023e-04,2.589964130098074135e-01,2.243454569974974167e-01,3.934095832273599158e-01,3.633656443311917839e-01,3.767689766942696750e-01,1.000000000000000000e+00,9.630065017930142801e-01,1.000000000000000000e+00,1.000000000000000000e+00
0.000000000000000000e+00,1.000000000000000000e+00,5.000000000000000000e+02,2.700000000000000000e+01,1.350000000000000000e+04,1.280000000000000000e+02,1.728000000000000000e+06,2.000000000000000000e+00,9.583340180861273927e-01,9.196233357810084108e-01,8.918189988821602701e-03,9.830675926834631095e-02,1.129323045032975831e-03,9.903345184653207234e-01,2.218685130224593504e-04,2.796391303852895360e-01,2.412660865647103803e-01,4.196233357810086328e-01,3.937644573107602630e-01,4.062346491755431388e-01,1.000000000000000000e+00,9.630065017930142801e-01,1.000000000000000000e+00,1.000000000000000000e+00
0.000000000000000000e+00,1.000000000000000000e+00,1.000000000000000000e+03,2.700000000000000000e+01,2.700000000000000000e+04,1.280000000000000000e+02,3.456000000000000000e+06,2.000000000000000000e+00,9.583340180861273927e-01,9.390832046357185936e-01,4.570678545386806790e-03,6.947151689844099920e-02,8.274514011901851207e-04,9.951730305107666652e-01,1.148646045608772611e-04,3.020916770912126514e-01,2.790303265553537582e-01,4.390832046357187046e-01,4.251388779876258406e-01,4.334881132993600450e-01,1.000000000000000000e+00,9.630065017930142801e-01,1.000000000000000000e+00,1.000000000000000000e+00
1.000000000000000000e+00,2.000000000000000000e+00,4.000000000000000000e+01,2.700000000000000000e+01,1.080000000000000000e+03,1.280000000000000000e+02,1.382400000000000000e+05,2.000000000000000000e+00,1.942941953974608893e+00,7.476272166576872769e-01,1.763206692981216239e-01,3.342214797059800402e-01,3.608408508227143978e-03,8.882831120973025962e-01,2.408611717276878689e-03,2.312223518696061159e-02,3.461064882792788764e-04,2.381113666164742515e-01,1.873022662322809673e-03,3.223627756864266142e-02,8.999999999999999667e-02,4.807254000256516030e-02,1.622621285271630964e-01,0.000000000000000000e+00
1.000000000000000000e+00,2.000000000000000000e+00,5.000000000000000000e+01,2.700000000000000000e+01,1.350000000000000000e+03,1.280000000000000000e+02,1.728000000000000000e+05,2.000000000000000000e+00,1.942941953974608893e+00,9.213827624778665459e-01,1.383125141175525208e-01,3.026507061590792969e-01,3.350320796997884303e-03,9.083914376584623085e-01,2.027971942367472625e-03,4.971744532200982752e-02,4.436097623774753161e-03,3.709723708395518127e-01,1.200102106339989705e-02,2.597248421683467368e-01,1.000000000000000021e-02,1.767432064140650461e-03,5.448619617870531506e-02,0.000000000000000000e+00
1.000000000000000000e+00,2.000000000000000000e+00,6.000000000000000000e+01,2.700000000000000000e+01,1.620000000000000000e+03,1.280000000000000000e+02,2.073600000000000000e+05,2.000000000000000000e+00,1.942941953974608893e+00,1.091725300418568079e+00,1.152530780095540469e-01,2.778863940824453094e-01,2.996314885993226623e-03,9.227702638599888374e-01,1.668219733332979710e-03,7.742113192467131588e-02,4.856723808591656595e-03,3.853501625547639531e-01,1.220719087895942856e-01,2.459927999047533398e-01,0.000000000000000000e+00,3.469446951953614189e-18,3.699349820698567826e-02,0.000000000000000000e+00
1.000000000000000000e+00,2.000000000000000000e+00,7.500000000000000000e+01,2.700000000000000000e+01,2.025000000000000000e+03,1.280000000000000000e+02,2.592000000000000000e+05,2.000000000000000000e+00,1.942941953974608893e+00,1.199150852165375536e+00,1.010653793568268288e-01,2.517989007468727780e-01,2.407335264715880756e-03,9.365915762722205606e-01,1.212596629193648601e-03,1.122943233536211061e-01,3.465168200429890460e-02,2.987737162825220283e-01,5.451952221606393145e-02,1.700930119670450436e-01,0.000000000000000000e+00,3.469446951953614189e-18,3.699349820698567826e-02,0.000000000000000000e+00
1.000000000000000000e+00,2.000000000000000000e+00,1.000000000000000000e+02,2.700000000000000000e+01,2.700000000000000000e+03,1.280000000000000000e+02,3.456000000000000000e+05,2.000000000000000000e+00,1.942941953974608893e+00,1.390292762783434277e+00,7.016058923374453304e-02,2.193784693073609626e-01,2.606149369817202348e-03,9.518663631099668621e-01,1.142913335390584404e-03,1.605081914787790665e-01,7.474238287139706172e-02,1.123039311307018201e-01,5.168148316363918582e-03,3.802697363010114351e-02,2.999999999999999889e-02,1.025452402403892460e-02,8.451936429052760158e-02,2.999999999999999889e-02
1.000000000000000000e+00,2.000000000000000000e+00,1.250000000000000000e+02,2.700000000000000000e+01,3.375000000000000000e+03,1.280000000000000000e+02,4.320000000000000000e+05,2.000000000000000000e+00,1.942941953974608893e+00,1.465382455427418629e+00,7.195276285783200332e-02,1.973836041391585638e-01,2.632051794419053813e-03,9.610328543973539750e-01,1.040280676450307642e-03,1.867934269498283117e-01,1.204604542624378161e-01,6.343479340298491254e-02,3.252333819838693074e-04,1.041012728224672938e-02,3.599999999999999867e-01,2.727122040140432802e-01,4.576459754839126148e-01,3.599999999999999867e-01
1.000000000000000000e+00,2.000000000000000000e+00,1.500000000000000000e+02,2.700000000000000000e+01,4.050000000000000000e+03,1.280000000000000000e+02,5.184000000000000000e+05,2.000000000000000000e+00,1.942941953974608893e+00,1.540071268479174194e+00,5.278285343159578452e-02,1.807778874142584036e-01,2.014493940444461034e-03,9.673153378180598949e-01,7.275449466666252972e-04,2.152028706128509827e-01,1.468941259285092282e-01,5.495603525518193144e-02,1.187530665635705418e-03,1.023289874872990342e-02,7.800000000000000266e-01,6.892964648501420655e-01,8.499871761539459225e-01,7.800000000000000266e-01
1.000000000000000000e+00,2.000000000000000000e+00,1.750000000000000000e+02,2.700000000000000000e+01,4.725000000000000000e+03,1.280000000000000000e+02,6.048000000000000000e+05,2.000000000000000000e+00,1.942941953974608893e+00,1.592424988786271811e+00,4.689612666833910953e-02,1.676548227169263328e-01,1.763909567314842159e-03,9.718887801565638807e-01,5.906957897648336311e-04,2.319249880913349382e-01,1.820354996849850027e-01,9.434406697597910729e-02,1.226637440309819027e-03,3.704460810645697488e-02,9.599999999999999645e-01,9.016292856411207701e-01,9.843366960084523054e-01,9.599999999999999645e-01
1.000000000000000000e+00,2.000000000000000000e+00,2.000000000000000000e+02,2.700000000000000000e+01,5.400000000000000000e+03,1.280000000000000000e+02,6.912000000000000000e+05,2.000000000000000000e+00,1.942941953974608893e+00,1.641866122265502437e+00,4.356474719756853187e-02,1.576564810841140085e-01,1.713061259449604476e-03,9.751415287390845510e-01,5.389070926759245879e-04,2.466928629445043208e-01,1.862700986555860805e-01,1.418661222655021037e-01,3.951109815712117168e-03,8.980996024317788873e-02,1.000000000000000000e+00,9.630065017930142801e-01,1.000000000000000000e+00,1.000000000000000000e+00
1.000000000000000000e+00,2.000000000000000000e+00,3.000000000000000000e+02,2.700000000000000000e+01,8.100000000000000000e+03,1.280000000000000000e+02,1.036800000000000000e+06,2.000000000000000000e+00,1.942941953974608893e+00,1.739502950708064155e+00,2.734585083261834373e-02,1.291521961240198191e-01,1.608222244462561819e-03,9.833171497213428758e-01,4.150637901166375019e-04,2.892361505845421621e-01,2.442130276593950378e-01,2.395029507080641273e-01,1.737083972667650134e-01,2.053426007614295445e-01,1.000000000000000000e+00,9.630065017930142801e-01,1.000000000000000000e+00,1.000000000000000000e+00
1.000000000000000000e+00,2.000000000000000000e+00,5.000000000000000000e+02,2.700000000000000000e+01,1.350000000000000000e+04,1.280000000000000000e+02,1.728000000000000000e+06,2.000000000000000000e+00,1.942941953974608893e+00,1.817563077618261413e+00,1.689504778436247412e-02,1.003519569204497364e-01,1.217479042486611278e-03,9.899280173095696966e-01,2.443510215941546520e-04,3.361580547504549044e-01,2.981874257776577775e-01,3.175630776182615245e-01,2.696338293196571811e-01,2.967322123259080735e-01,1.000000000000000000e+00,9.630065017930142801e-01,1.000000000000000000e+00,1.000000000000000000e+00
1.000000000000000000e+00,2.000000000000000000e+00,1.000000000000000000e+03,2.700000000000000000e+01,2.700000000000000000e+04,1.280000000000000000e+02,3.456000000000000000e+06,2.000000000000000000e+00,1.942941953974608893e+00,1.877402232759547429e+00,8.585860899625576137e-03,7.103246588094719316e-02,8.822350226426044651e-04,9.949536182356232272e-01,1.253627705250543616e-04,3.859066860583137970e-01,3.615680625820609229e-01,3.774022327595472071e-01,3.585897231151762288e-01,3.667525845541081408e-01,1.000000000000000000e+00,9.630065017930142801e-01,1.000000000000000000e+00,1.000000000000000000e+00
