kind_code,target,readout_flip_probability,shots_per_setting,settings_per_parameter_point,shots_per_parameter_point,equatorial_points_per_family,total_equatorial_shots_per_family,W3_clean_grid,mean_winding,std_winding,mean_projector_distance_rms,mean_subspace_fidelity,mean_min_patch_overlap,minimum_patch_overlap,mean_parity_margin,minimum_parity_margin,parity_margin_10th_percentile,parity_correct_rate,parity_correct_ci_low,parity_correct_ci_high,integer_correct_rate
0.000000000000000000e+00,1.000000000000000000e+00,0.000000000000000000e+00,1.000000000000000000e+02,2.700000000000000000e+01,2.700000000000000000e+03,1.280000000000000000e+02,3.456000000000000000e+05,9.583340180861273927e-01,7.723537566055665993e-01,3.459389803568348881e-02,2.171829874903874469e-01,9.528238106915041250e-01,1.763894893588665580e-01,1.339587782293882867e-01,2.723537566055665993e-01,1.626057696508819150e-01,2.369537053409330740e-01,1.000000000000000000e+00,9.630065017930142801e-01,1.000000000000000000e+00,1.000000000000000000e+00
0.000000000000000000e+00,1.000000000000000000e+00,0.000000000000000000e+00,1.500000000000000000e+02,2.700000000000000000e+01,4.050000000000000000e+03,1.280000000000000000e+02,5.184000000000000000e+05,9.583340180861273927e-01,8.288302965483521634e-01,2.370089999805845976e-02,1.779638493234100005e-01,9.683243976413855592e-01,2.112665429128941230e-01,1.490446327800369897e-01,3.288302965483522744e-01,2.760901448310930650e-01,2.959571094257906765e-01,1.000000000000000000e+00,9.630065017930142801e-01,1.000000000000000000e+00,1.000000000000000000e+00
0.000000000000000000e+00,1.000000000000000000e+00,0.000000000000000000e+00,2.000000000000000000e+02,2.700000000000000000e+01,5.400000000000000000e+03,1.280000000000000000e+02,6.912000000000000000e+05,9.583340180861273927e-01,8.602793233460727107e-01,1.947560094590769855e-02,1.548894702157065650e-01,9.760054784992938659e-01,2.329106081562154762e-01,1.815682103751261600e-01,3.602793233460726552e-01,3.059213419479744900e-01,3.377902549709811408e-01,1.000000000000000000e+00,9.630065017930142801e-01,1.000000000000000000e+00,1.000000000000000000e+00
0.000000000000000000e+00,1.000000000000000000e+00,0.000000000000000000e+00,3.000000000000000000e+02,2.700000000000000000e+01,8.100000000000000000e+03,1.280000000000000000e+02,1.036800000000000000e+06,9.583340180861273927e-01,8.937794284144489065e-01,1.384807901740903353e-02,1.265860761211542451e-01,9.839736148202120614e-01,2.583327171170192726e-01,2.188397444571888728e-01,3.937794284144487955e-01,3.525086135572428336e-01,3.766520053587768535e-01,1.000000000000000000e+00,9.630065017930142801e-01,1.000000000000000000e+00,1.000000000000000000e+00
0.000000000000000000e+00,1.000000000000000000e+00,0.000000000000000000e+00,5.000000000000000000e+02,2.700000000000000000e+01,1.350000000000000000e+04,1.280000000000000000e+02,1.728000000000000000e+06,9.583340180861273927e-01,9.191367461299315700e-01,7.591564363796662364e-03,9.808019731449522938e-02,9.903785223733519993e-01,2.810970230083114640e-01,2.474430012903362508e-01,4.191367461299316255e-01,4.017012617387974993e-01,4.091330273471883716e-01,1.000000000000000000e+00,9.630065017930142801e-01,1.000000000000000000e+00,1.000000000000000000e+00
0.000000000000000000e+00,1.000000000000000000e+00,5.000000000000000104e-03,1.000000000000000000e+02,2.700000000000000000e+01,2.700000000000000000e+03,1.280000000000000000e+02,3.456000000000000000e+05,9.583340180861273927e-01,7.628870726644385591e-01,3.336506229793533701e-02,2.212912892027080469e-01,9.510225432884807928e-01,1.616141852912891252e-01,7.493433957050309180e-02,2.628870726644383926e-01,1.813606716509932326e-01,2.204872548005216704e-01,1.000000000000000000e+00,9.630065017930142801e-01,1.000000000000000000e+00,1.000000000000000000e+00
0.000000000000000000e+00,1.000000000000000000e+00,5.000000000000000104e-03,1.500000000000000000e+02,2.700000000000000000e+01,4.050000000000000000e+03,1.280000000000000000e+02,5.184000000000000000e+05,9.583340180861273927e-01,8.179600780789805237e-01,2.658851377214001624e-02,1.815319532177114004e-01,9.670421888973312896e-01,2.092245165607109214e-01,1.646509757743077618e-01,3.179600780789806347e-01,2.372689006789772126e-01,2.839583936726591262e-01,1.000000000000000000e+00,9.630065017930142801e-01,1.000000000000000000e+00,1.000000000000000000e+00
0.000000000000000000e+00,1.000000000000000000e+00,5.000000000000000104e-03,2.000000000000000000e+02,2.700000000000000000e+01,5.400000000000000000e+03,1.280000000000000000e+02,6.912000000000000000e+05,9.583340180861273927e-01,8.539061336643436473e-01,2.118264156917722477e-02,1.577833010682960779e-01,9.750996566056183701e-01,2.339922680721780723e-01,1.815533022643835148e-01,3.539061336643436473e-01,2.966399103625849687e-01,3.234489755206046979e-01,1.000000000000000000e+00,9.630065017930142801e-01,1.000000000000000000e+00,1.000000000000000000e+00
0.000000000000000000e+00,1.000000000000000000e+00,5.000000000000000104e-03,3.000000000000000000e+02,2.700000000000000000e+01,8.100000000000000000e+03,1.280000000000000000e+02,1.036800000000000000e+06,9.583340180861273927e-01,8.894804326286842588e-01,1.259280352961108032e-02,1.286629902721840302e-01,9.834434366717142995e-01,2.603271686446932409e-01,2.228049199543030157e-01,3.894804326286840923e-01,3.568292229696663487e-01,3.743160650992212179e-01,1.000000000000000000e+00,9.630065017930142801e-01,1.000000000000000000e+00,1.000000000000000000e+00
0.000000000000000000e+00,1.000000000000000000e+00,5.000000000000000104e-03,5.000000000000000000e+02,2.700000000000000000e+01,1.350000000000000000e+04,1.280000000000000000e+02,1.728000000000000000e+06,9.583340180861273927e-01,9.156163859049886167e-01,8.662995400845309793e-03,1.000472173970956280e-01,9.899892688656867223e-01,2.817685933106240381e-01,2.400286348709893824e-01,4.156163859049885057e-01,3.956005443285772749e-01,4.050342037376950532e-01,1.000000000000000000e+00,9.630065017930142801e-01,1.000000000000000000e+00,1.000000000000000000e+00
0.000000000000000000e+00,1.000000000000000000e+00,1.000000000000000021e-02,1.000000000000000000e+02,2.700000000000000000e+01,2.700000000000000000e+03,1.280000000000000000e+02,3.456000000000000000e+05,9.583340180861273927e-01,7.528282514449748941e-01,4.346817492156956897e-02,2.256235165411134558e-01,9.490852750260527770e-01,1.601102288689565389e-01,1.041129946731727124e-01,2.528282514449749496e-01,1.433681165430343851e-01,1.988820251433404407e-01,1.000000000000000000e+00,9.630065017930142801e-01,1.000000000000000000e+00,1.000000000000000000e+00
0.000000000000000000e+00,1.000000000000000000e+00,1.000000000000000021e-02,1.500000000000000000e+02,2.700000000000000000e+01,4.050000000000000000e+03,1.280000000000000000e+02,5.184000000000000000e+05,9.583340180861273927e-01,8.114726051405429796e-01,2.509201777076244116e-02,1.848783035618868364e-01,9.658146293852221120e-01,2.034857876609183214e-01,1.375633490517694790e-01,3.114726051405430352e-01,2.255820128356965659e-01,2.834628296409572590e-01,1.000000000000000000e+00,9.630065017930142801e-01,1.000000000000000000e+00,1.000000000000000000e+00
0.000000000000000000e+00,1.000000000000000000e+00,1.000000000000000021e-02,2.000000000000000000e+02,2.700000000000000000e+01,5.400000000000000000e+03,1.280000000000000000e+02,6.912000000000000000e+05,9.583340180861273927e-01,8.498002700425608680e-01,2.101798680710545431e-02,1.607660333555427923e-01,9.741496760489076756e-01,2.309092147838262832e-01,1.902510344877816895e-01,3.498002700425609235e-01,2.835367140397263563e-01,3.262390279503052382e-01,1.000000000000000000e+00,9.630065017930142801e-01,1.000000000000000000e+00,1.000000000000000000e+00
0.000000000000000000e+00,1.000000000000000000e+00,1.000000000000000021e-02,3.000000000000000000e+02,2.700000000000000000e+01,8.100000000000000000e+03,1.280000000000000000e+02,1.036800000000000000e+06,9.583340180861273927e-01,8.846950942803752937e-01,1.356777207810954886e-02,1.311827348760973844e-01,9.827889831124337894e-01,2.577163961818943472e-01,2.167924538140856561e-01,3.846950942803754603e-01,3.434079891852666044e-01,3.663757343980356129e-01,1.000000000000000000e+00,9.630065017930142801e-01,1.000000000000000000e+00,1.000000000000000000e+00
0.000000000000000000e+00,1.000000000000000000e+00,1.000000000000000021e-02,5.000000000000000000e+02,2.700000000000000000e+01,1.350000000000000000e+04,1.280000000000000000e+02,1.728000000000000000e+06,9.583340180861273927e-01,9.110665404282037860e-01,1.117124808905809938e-02,1.021631504949684216e-01,9.895618327019241045e-01,2.800180178709275047e-01,2.428232881921999486e-01,4.110665404282040081e-01,3.797384202854594548e-01,3.977263936717568837e-01,1.000000000000000000e+00,9.630065017930142801e-01,1.000000000000000000e+00,1.000000000000000000e+00
0.000000000000000000e+00,1.000000000000000000e+00,2.000000000000000042e-02,1.000000000000000000e+02,2.700000000000000000e+01,2.700000000000000000e+03,1.280000000000000000e+02,3.456000000000000000e+05,9.583340180861273927e-01,7.239211253816890679e-01,4.538789411312021960e-02,2.336198248036021607e-01,9.454135908479608386e-01,1.485054799567367967e-01,3.066055544891523391e-02,2.239211253816892067e-01,9.419758304559688877e-02,1.680467651918179373e-01,1.000000000000000000e+00,9.630065017930142801e-01,1.000000000000000000e+00,1.000000000000000000e+00
0.000000000000000000e+00,1.000000000000000000e+00,2.000000000000000042e-02,1.500000000000000000e+02,2.700000000000000000e+01,4.050000000000000000e+03,1.280000000000000000e+02,5.184000000000000000e+05,9.583340180861273927e-01,7.986091074052780181e-01,3.196524162260065693e-02,1.924420436193615136e-01,9.629607289809449799e-01,1.958804550042325676e-01,1.226395164687613532e-01,2.986091074052780181e-01,2.189313144904677655e-01,2.573101810339321616e-01,1.000000000000000000e+00,9.630065017930142801e-01,1.000000000000000000e+00,1.000000000000000000e+00
0.000000000000000000e+00,1.000000000000000000e+00,2.000000000000000042e-02,2.000000000000000000e+02,2.700000000000000000e+01,5.400000000000000000e+03,1.280000000000000000e+02,6.912000000000000000e+05,9.583340180861273927e-01,8.381717266519695952e-01,2.531082704203211145e-02,1.670004185829919163e-01,9.721068725511611275e-01,2.229794012268470627e-01,1.632112346749683141e-01,3.381717266519696508e-01,2.762288206599996521e-01,3.060581752535442845e-01,1.000000000000000000e+00,9.630065017930142801e-01,1.000000000000000000e+00,1.000000000000000000e+00
0.000000000000000000e+00,1.000000000000000000e+00,2.000000000000000042e-02,3.000000000000000000e+02,2.700000000000000000e+01,8.100000000000000000e+03,1.280000000000000000e+02,1.036800000000000000e+06,9.583340180861273927e-01,8.740314933905617423e-01,1.485524572096825341e-02,1.369117668356922835e-01,9.812530294256879282e-01,2.519688868948536387e-01,2.105950588803692236e-01,3.740314933905616313e-01,3.381970407773686738e-01,3.536553788247233099e-01,1.000000000000000000e+00,9.630065017930142801e-01,1.000000000000000000e+00,1.000000000000000000e+00
0.000000000000000000e+00,1.000000000000000000e+00,2.000000000000000042e-02,5.000000000000000000e+02,2.700000000000000000e+01,1.350000000000000000e+04,1.280000000000000000e+02,1.728000000000000000e+06,9.583340180861273927e-01,9.043935315437426903e-01,1.027008829686739538e-02,1.065973105498015244e-01,9.886349666824163496e-01,2.817195265158116690e-01,2.513296498870217222e-01,4.043935315437426903e-01,3.784995296470931025e-01,3.900874283379471286e-01,1.000000000000000000e+00,9.630065017930142801e-01,1.000000000000000000e+00,1.000000000000000000e+00
1.000000000000000000e+00,2.000000000000000000e+00,0.000000000000000000e+00,1.000000000000000000e+02,2.700000000000000000e+01,2.700000000000000000e+03,1.280000000000000000e+02,3.456000000000000000e+05,1.942941953974608893e+00,1.381780997873225392e+00,7.145115759190825977e-02,2.192917173574832346e-01,9.519062962511926074e-01,1.557373145073228937e-01,6.702931028392376811e-02,1.243440707684770469e-01,1.661233660056327111e-03,4.026687256534688952e-02,8.000000000000000167e-02,4.109346148438062368e-02,1.499810770094873458e-01,8.000000000000000167e-02
1.000000000000000000e+00,2.000000000000000000e+00,0.000000000000000000e+00,1.500000000000000000e+02,2.700000000000000000e+01,4.050000000000000000e+03,1.280000000000000000e+02,5.184000000000000000e+05,1.942941953974608893e+00,1.540526980900886356e+00,4.952398542975502971e-02,1.808130284183946945e-01,9.673024256042297431e-01,2.110708590005720420e-01,1.519811661673750869e-01,5.256630883509431917e-02,6.009253670202774344e-05,8.377872519214134978e-03,8.100000000000000533e-01,7.222115462093562366e-01,8.748524849023125993e-01,8.100000000000000533e-01
1.000000000000000000e+00,2.000000000000000000e+00,0.000000000000000000e+00,2.000000000000000000e+02,2.700000000000000000e+01,5.400000000000000000e+03,1.280000000000000000e+02,6.912000000000000000e+05,1.942941953974608893e+00,1.632804277031702611e+00,3.841082640422481542e-02,1.572401740531495229e-01,9.752724251854765214e-01,2.508957923531134893e-01,1.997340207506567711e-01,1.328042770317027776e-01,3.570717913447585268e-02,8.586831537827965821e-02,1.000000000000000000e+00,9.630065017930142801e-01,1.000000000000000000e+00,1.000000000000000000e+00
1.000000000000000000e+00,2.000000000000000000e+00,0.000000000000000000e+00,3.000000000000000000e+02,2.700000000000000000e+01,8.100000000000000000e+03,1.280000000000000000e+02,1.036800000000000000e+06,1.942941953974608893e+00,1.733257059531065014e+00,2.853362051024767310e-02,1.290215438462479214e-01,9.833514429534401247e-01,2.936504955606497047e-01,2.513322759303098231e-01,2.332570595310649864e-01,1.352942997568482575e-01,2.008393129203502603e-01,1.000000000000000000e+00,9.630065017930142801e-01,1.000000000000000000e+00,1.000000000000000000e+00
1.000000000000000000e+00,2.000000000000000000e+00,0.000000000000000000e+00,5.000000000000000000e+02,2.700000000000000000e+01,1.350000000000000000e+04,1.280000000000000000e+02,1.728000000000000000e+06,1.942941953974608893e+00,1.816956572195147723e+00,1.633617774697466649e-02,1.004776847543719376e-01,9.899026377434501089e-01,3.371842878494646922e-01,3.011634608586292727e-01,3.169565721951473347e-01,2.704980226919013742e-01,2.965974460233923304e-01,1.000000000000000000e+00,9.630065017930142801e-01,1.000000000000000000e+00,1.000000000000000000e+00
1.000000000000000000e+00,2.000000000000000000e+00,5.000000000000000104e-03,1.000000000000000000e+02,2.700000000000000000e+01,2.700000000000000000e+03,1.280000000000000000e+02,3.456000000000000000e+05,1.942941953974608893e+00,1.351101428907580448e+00,7.762648473014167882e-02,2.226684924694342926e-01,9.504126450891241529e-01,1.472832519504932158e-01,3.918402398153707222e-02,1.488985710924193850e-01,9.656331631602288468e-03,6.235311564612253804e-02,0.000000000000000000e+00,3.469446951953614189e-18,3.699349820698567826e-02,0.000000000000000000e+00
1.000000000000000000e+00,2.000000000000000000e+00,5.000000000000000104e-03,1.500000000000000000e+02,2.700000000000000000e+01,4.050000000000000000e+03,1.280000000000000000e+02,5.184000000000000000e+05,1.942941953974608893e+00,1.532383667506625136e+00,5.638925030442317604e-02,1.834019539816430233e-01,9.663590175707702512e-01,2.119892623537953380e-01,1.617870537920974294e-01,5.433837017422984278e-02,1.835127477877396274e-03,1.141074454736874626e-02,7.299999999999999822e-01,6.356788323205498914e-01,8.073041585042365353e-01,7.299999999999999822e-01
1.000000000000000000e+00,2.000000000000000000e+00,5.000000000000000104e-03,2.000000000000000000e+02,2.700000000000000000e+01,5.400000000000000000e+03,1.280000000000000000e+02,6.912000000000000000e+05,1.942941953974608893e+00,1.628016392461764772e+00,5.149537318600892755e-02,1.594870291136272766e-01,9.745601628439466424e-01,2.439594003821000945e-01,1.604818284994328215e-01,1.280163924617646332e-01,1.969588800298849307e-03,5.639296301184115734e-02,1.000000000000000000e+00,9.630065017930142801e-01,1.000000000000000000e+00,1.000000000000000000e+00
1.000000000000000000e+00,2.000000000000000000e+00,5.000000000000000104e-03,3.000000000000000000e+02,2.700000000000000000e+01,8.100000000000000000e+03,1.280000000000000000e+02,1.036800000000000000e+06,1.942941953974608893e+00,1.725429608259533509e+00,3.222931282532064123e-02,1.307243985460986579e-01,9.829083115248807845e-01,2.887933797811079728e-01,2.368186718938513624e-01,2.254296082595332595e-01,1.248049177329182413e-01,1.888882823178226755e-01,1.000000000000000000e+00,9.630065017930142801e-01,1.000000000000000000e+00,1.000000000000000000e+00
1.000000000000000000e+00,2.000000000000000000e+00,5.000000000000000104e-03,5.000000000000000000e+02,2.700000000000000000e+01,1.350000000000000000e+04,1.280000000000000000e+02,1.728000000000000000e+06,1.942941953974608893e+00,1.806320733018190738e+00,1.799402633389876605e-02,1.019418526710411110e-01,9.896067710321502231e-01,3.351846071197968069e-01,2.756271448560296822e-01,3.063207330181907384e-01,2.609603870049121976e-01,2.833391420968472407e-01,1.000000000000000000e+00,9.630065017930142801e-01,1.000000000000000000e+00,1.000000000000000000e+00
1.000000000000000000e+00,2.000000000000000000e+00,1.000000000000000021e-02,1.000000000000000000e+02,2.700000000000000000e+01,2.700000000000000000e+03,1.280000000000000000e+02,3.456000000000000000e+05,1.942941953974608893e+00,1.329573497563678819e+00,8.328241437583684681e-02,2.253706403316046158e-01,9.492021388603982812e-01,1.459813911900182948e-01,5.753123460601272665e-02,1.709751603029434075e-01,1.290628503797019988e-03,7.175173085812298901e-02,1.000000000000000021e-02,1.767432064140650461e-03,5.448619617870531506e-02,1.000000000000000021e-02
1.000000000000000000e+00,2.000000000000000000e+00,1.000000000000000021e-02,1.500000000000000000e+02,2.700000000000000000e+01,4.050000000000000000e+03,1.280000000000000000e+02,5.184000000000000000e+05,1.942941953974608893e+00,1.499173140882868793e+00,5.378212873916721204e-02,1.858216798999678954e-01,9.654664513875728105e-01,2.038159855887125282e-01,1.446571900563419777e-01,4.089059628090548071e-02,6.769474138492714843e-04,4.852200289848696349e-03,5.100000000000000089e-01,4.134801193402716790e-01,6.057800106955886221e-01,5.100000000000000089e-01
1.000000000000000000e+00,2.000000000000000000e+00,1.000000000000000021e-02,2.000000000000000000e+02,2.700000000000000000e+01,5.400000000000000000e+03,1.280000000000000000e+02,6.912000000000000000e+05,1.942941953974608893e+00,1.612525565694705509e+00,4.317544106199661114e-02,1.621157080766606751e-01,9.737152631217382837e-01,2.412036840808385874e-01,1.783721570286581903e-01,1.125321255624153610e-01,3.279933855075967131e-04,5.901100882028127714e-02,9.899999999999999911e-01,9.455138038212945739e-01,9.982325679358593495e-01,9.899999999999999911e-01
1.000000000000000000e+00,2.000000000000000000e+00,1.000000000000000021e-02,3.000000000000000000e+02,2.700000000000000000e+01,8.100000000000000000e+03,1.280000000000000000e+02,1.036800000000000000e+06,1.942941953974608893e+00,1.710516612832521988e+00,2.908577266705062933e-02,1.330611804490083871e-01,9.822919848117459551e-01,2.861697242124081053e-01,2.338265161263725078e-01,2.105166128325217378e-01,1.384885267312605528e-01,1.725805279255888947e-01,1.000000000000000000e+00,9.630065017930142801e-01,1.000000000000000000e+00,1.000000000000000000e+00
1.000000000000000000e+00,2.000000000000000000e+00,1.000000000000000021e-02,5.000000000000000000e+02,2.700000000000000000e+01,1.350000000000000000e+04,1.280000000000000000e+02,1.728000000000000000e+06,1.942941953974608893e+00,1.795638966019189597e+00,1.667166219021169044e-02,1.034069282046645583e-01,9.893053367335790105e-01,3.340898966323364583e-01,3.012670557698346463e-01,2.956389660191893198e-01,2.497900078514430078e-01,2.733549335652266099e-01,1.000000000000000000e+00,9.630065017930142801e-01,1.000000000000000000e+00,1.000000000000000000e+00
1.000000000000000000e+00,2.000000000000000000e+00,2.000000000000000042e-02,1.000000000000000000e+02,2.700000000000000000e+01,2.700000000000000000e+03,1.280000000000000000e+02,3.456000000000000000e+05,1.942941953974608893e+00,1.280687397685927875e+00,8.369495386421084426e-02,2.322141504543006052e-01,9.460696217560774501e-01,1.356137553836899712e-01,5.106139466501416480e-02,2.203430839987786938e-01,1.628442417230724359e-02,1.309251003064986207e-01,2.000000000000000042e-02,5.501967550162349674e-03,7.001179072854388230e-02,2.000000000000000042e-02
1.000000000000000000e+00,2.000000000000000000e+00,2.000000000000000042e-02,1.500000000000000000e+02,2.700000000000000000e+01,4.050000000000000000e+03,1.280000000000000000e+02,5.184000000000000000e+05,1.942941953974608893e+00,1.470367549910879923e+00,7.075403714111873354e-02,1.915717311029955239e-01,9.632957117782171563e-01,1.962771237865992835e-01,1.274551592273593659e-01,6.327279629120825810e-02,9.499861361443873164e-04,1.221876857825925436e-02,3.400000000000000244e-01,2.546152079734816387e-01,4.372227114527537650e-01,3.400000000000000244e-01
1.000000000000000000e+00,2.000000000000000000e+00,2.000000000000000042e-02,2.000000000000000000e+02,2.700000000000000000e+01,5.400000000000000000e+03,1.280000000000000000e+02,6.912000000000000000e+05,1.942941953974608893e+00,1.581613522253672688e+00,5.160310026059818783e-02,1.667872307268184751e-01,9.721788990421659227e-01,2.404821354034989977e-01,1.821814983041664116e-01,8.298745252912671788e-02,1.152202151806225316e-03,1.972294015944151685e-02,9.599999999999999645e-01,9.016292856411207701e-01,9.843366960084523054e-01,9.599999999999999645e-01
1.000000000000000000e+00,2.000000000000000000e+00,2.000000000000000042e-02,3.000000000000000000e+02,2.700000000000000000e+01,8.100000000000000000e+03,1.280000000000000000e+02,1.036800000000000000e+06,1.942941953974608893e+00,1.688248383901035599e+00,2.870879438710218987e-02,1.368898814442831846e-01,9.812583446477930460e-01,2.820353691648858629e-01,2.362013989617158527e-01,1.882483839010357929e-01,1.139489389543102416e-01,1.553347255893949286e-01,1.000000000000000000e+00,9.630065017930142801e-01,1.000000000000000000e+00,1.000000000000000000e+00
1.000000000000000000e+00,2.000000000000000000e+00,2.000000000000000042e-02,5.000000000000000000e+02,2.700000000000000000e+01,1.350000000000000000e+04,1.280000000000000000e+02,1.728000000000000000e+06,1.942941953974608893e+00,1.780329785996322967e+00,2.171332294728945192e-02,1.066514550265588029e-01,9.886236343121836967e-01,3.286620950129320318e-01,2.701533162876046945e-01,2.803297859963229111e-01,2.219425180646275031e-01,2.504244542405487106e-01,1.000000000000000000e+00,9.630065017930142801e-01,1.000000000000000000e+00,1.000000000000000000e+00
